name,member_number,create_time,commit_number
11ty,749,2019-04-01T15:27:06.913Z,14045
abap-observability-tools,6,2021-02-20T15:11:16.450Z,307
abhijithvijayan,2,2020-05-20T05:00:35.699Z,1448
abotv12,1,2021-09-25T06:36:11.866Z,185
accounts-js,10,2018-02-01T17:20:26.329Z,1662
acmesh,47,2019-09-02T02:31:35.973Z,3110
actionshub,4,2023-01-16T02:49:34.723Z,67
activitywatch,40,2017-11-21T15:45:14.793Z,6796
actual,91,2023-06-15T18:38:59.078Z,2153
actuallycolab,4,2021-04-20T14:39:41.039Z,760
advanced-java,1,2019-06-06T09:07:49.109Z,268
advancedfx,50,2019-09-10T07:17:20.550Z,1882
aedes,12,2020-02-06T14:17:47.707Z,1527
aeria-org,1,2024-03-02T20:44:52.795Z,1062
aes-everywhere,1,2020-11-20T20:40:35.818Z,196
agroecology-map,4,2021-11-19T11:42:07.448Z,592
ainsley,1,2020-03-18T23:18:32.279Z,201
aiogram,50,2019-05-24T06:43:26.159Z,2059
airform,2,2019-09-27T16:34:28.337Z,57
ajv-typescript,1,2023-09-29T13:14:27.040Z,63
ajv,56,2019-07-09T14:43:29.604Z,2842
alan-binu007,1,2021-09-13T18:03:01.983Z,2194
alexhua,2,2023-03-03T11:30:24.360Z,219
algorithm,1,2019-11-12T18:25:57.544Z,1837
alicebot,2,2024-03-18T07:34:59.372Z,351
alins,1,2023-09-11T11:36:07.519Z,452
allthingslinux,19,2024-06-10T17:36:44.813Z,1457
allure-report,33,2017-07-11T14:56:04.775Z,1170
almalinux-os-foundation,13,2022-02-01T03:10:33.001Z,3239
alosaur,7,2020-11-03T08:24:41.723Z,678
alova,4,2023-08-18T03:10:41.302Z,1527
altair,190,2018-01-11T12:51:46.207Z,5970
alvr,97,2020-12-29T17:39:01.457Z,2896
ambition-fund,1,2020-06-21T04:22:53.826Z,842
amethyst,26,2018-11-23T01:43:56.487Z,7322
amogos,17,2021-07-23T03:05:12.577Z,268
amplifying-fsharp,62,2024-02-21T19:13:26.073Z,752
analysis-tools,15,2020-05-22T15:04:47.339Z,2539
android-file-chooser,1,2019-05-31T02:19:52.732Z,426
androidlocalizeplugin,5,2021-06-07T02:13:23.817Z,295
angolaosc,3,2024-08-04T19:15:43.698Z,247
anichartjs,1,2021-08-12T11:55:13.619Z,784
anndatar,5,2024-04-23T13:30:01.251Z,337
anonaddy,12,2021-01-28T13:11:25.482Z,668
anonydog,1,2017-11-09T12:46:46.788Z,190
anonymousplanetorg,3,2022-11-06T00:46:25.581Z,359
ant-design-blazor,14,2020-03-13T13:49:55.452Z,316
ant-design-landing,2,2018-11-29T03:35:14.690Z,378
ant-design-vue,38,2018-07-19T04:23:21.651Z,5097
ant-design,68,2016-12-04T12:34:19.375Z,35267
ant-motion,3,2019-05-27T02:51:38.384Z,565
antdv-pro,2,2023-12-22T02:05:43.623Z,679
anti-xss,1,2019-10-09T00:33:38.313Z,402
anudeepnd,2,2020-09-05T07:31:36.897Z,752
aosc,8,2023-07-30T21:51:20.987Z,148
api-platform,3,2023-10-05T14:11:31.637Z,11611
apiato,10,2017-11-04T01:12:43.976Z,3883
apiflask,5,2021-04-19T13:52:51.752Z,1066
apollo-elements,5,2020-09-03T12:12:00.674Z,1096
apollo-universal-starter-kit,12,2017-10-23T12:42:12.837Z,5526
apollo,7,2019-05-26T13:19:08.992Z,4073
appium-device-farm,8,2024-05-02T02:17:01.587Z,1170
appium-flutter-integration-driver,4,2024-07-11T16:59:42.976Z,133
appium,14,2024-01-30T18:30:37.946Z,15524
applied-knowledge-systems,2,2021-04-02T16:43:23.345Z,106
aravis-project,8,2021-09-23T05:45:54.047Z,3137
archipelago-software,3,2022-09-14T09:14:57.232Z,292
ariakit,57,2018-07-07T06:19:09.498Z,4574
ark-server-tools,7,2020-08-15T10:02:43.297Z,843
arnft,3,2021-11-12T15:50:06.834Z,503
arrayy,1,2019-10-09T00:34:42.482Z,565
arsenal,8,2020-12-12T16:41:47.590Z,125
aspect-build,20,2022-08-19T19:55:12.638Z,4469
assemblyscript,115,2018-09-21T01:14:21.502Z,1563
assetkit,1,2021-09-08T07:51:27.847Z,1816
asteroidos,31,2022-01-16T18:08:34.809Z,119
astro-aws,2,2022-12-02T22:23:33.952Z,127
astrodotbuild,210,2021-08-12T22:36:03.535Z,24751
asyncapi,89,2019-02-11T19:28:33.735Z,20203
atata,7,2021-05-10T17:36:13.277Z,4576
athens,374,2020-05-08T15:37:33.089Z,4630
atom-chlorine,5,2020-03-31T14:59:48.892Z,1302
atom-material-themes-and-plugins,113,2018-04-26T15:33:11.818Z,2243
atomic-layout,3,2019-07-18T17:16:31.478Z,676
atri,1,2022-05-28T08:35:01.843Z,968
attendize,1,2022-06-14T21:30:42.491Z,812
auditnet,16,2018-01-16T21:36:33.835Z,1680
auraui,1,2021-04-02T03:16:36.313Z,448
aurora,3,2018-09-28T07:36:33.895Z,99
authelia-sponsors,80,2020-01-19T11:24:25.504Z,6165
auto-clicker-autofill,13,2021-03-16T06:03:14.786Z,328
autoai,2,2018-10-01T08:10:43.791Z,156
autocompletejs,2,2021-06-11T06:00:56.541Z,1003
auto_dl,1,2021-08-09T15:31:42.566Z,663
awesdotio,6,2019-05-31T12:07:41.910Z,604
awesome-image-registration,2,2022-07-01T05:44:57.561Z,94
awesome-web-styling,1,2022-01-24T01:57:50.628Z,158
axe-api,3,2023-07-14T08:00:22.192Z,499
axmol,9,2024-01-09T19:24:29.016Z,4043
ayer,1,2021-01-15T02:28:57.344Z,353
azuracast,52,2018-01-14T08:47:47.508Z,7592
babashka,19,2020-03-31T13:11:08.815Z,11361
babel,1319,2017-04-01T14:02:10.199Z,5430
babybuddy,19,2021-09-25T12:13:00.010Z,1791
backyourstack,14,2018-08-31T21:17:39.625Z,1112
badaso,11,2021-03-16T08:28:44.449Z,1330
badgen,5,2019-01-19T16:09:26.761Z,1275
bagisto,15,2018-12-21T07:32:37.657Z,20994
balmjs,3,2020-10-13T23:47:10.636Z,5031
banchan-art,20,2021-06-19T03:15:06.889Z,999
baseball-scoreboard,5,2021-09-27T14:36:21.936Z,458
basescript,1,2021-03-24T10:05:44.674Z,240
bassa,6,2018-10-21T00:01:04.913Z,480
bastion,7,2019-10-05T20:29:00.108Z,936
bazel-rules-authors-sig,27,2021-12-02T14:12:42.037Z,6644
bcneng,37,2021-02-19T17:43:38.158Z,309
beauter,2,2019-06-20T10:23:34.384Z,104
beercss,12,2020-12-17T14:33:07.066Z,686
beetlex,1,2020-06-03T07:42:34.486Z,492
berrynet,2,2019-10-27T09:32:46.923Z,385
berty,3,2019-07-09T20:10:44.746Z,653
bestofjs,7,2021-05-23T12:19:30.064Z,1574
bevry,6,2016-07-06T08:31:16.880Z,1238
bincrafters,17,2017-12-02T00:43:26.876Z,274
biojulia,15,2018-02-21T16:17:47.158Z,555
biome,43,2023-08-28T08:51:06.179Z,8064
bismuth,16,2022-03-13T07:46:48.338Z,589
bitmagnet,7,2024-02-14T12:07:52.220Z,164
blacksky,61,2023-06-26T15:33:06.586Z,306
blank-editor,1,2024-04-10T08:29:35.868Z,114
blaze,22,2016-09-26T18:24:33.004Z,970
blazor-components,1,2020-11-30T17:52:27.706Z,703
blazor-school-docs,15,2022-11-08T08:42:01.927Z,367
blazorbootstrap,2,2024-04-15T06:30:29.050Z,59
blazorise,3,2021-10-12T11:35:55.050Z,4370
blind_watermark,1,2021-03-16T09:22:04.896Z,184
blitzjs,12,2020-02-27T04:48:45.307Z,1886
bloc,6,2021-01-15T22:27:10.643Z,2329
blockhorizons,1,2021-08-16T17:00:54.577Z,1929
blue-fire,11,2023-02-08T17:10:52.651Z,3479
boa,21,2022-02-23T19:14:15.647Z,3034
boardgameio,15,2021-05-22T18:48:58.320Z,2932
book-project,1,2022-02-12T12:39:29.422Z,3140
bookwyrm,74,2021-02-13T01:34:13.398Z,9675
bootstrap-flask,5,2021-09-26T08:16:00.629Z,558
bootstrap-table,335,2018-01-08T16:25:46.430Z,4
bootstrap-vue-next,17,2023-05-15T15:09:55.401Z,3537
bootstrap-vue,633,2017-11-06T18:27:19.289Z,4575
bootstrap,307,2018-12-10T17:37:22.742Z,3788
borgbackup,19,2021-07-18T21:48:27.034Z,8016
boring_generators,1,2021-01-03T06:21:45.087Z,259
boruta-server,4,2023-06-21T10:06:59.502Z,1945
bot-whatsapp,56,2022-12-11T20:59:16.913Z,2427
botamusique,5,2020-09-21T08:10:22.216Z,843
bowphp,2,2023-03-20T13:46:45.379Z,2373
boxicons,9,2020-02-04T05:57:51.976Z,163
bpftrace,2,2023-08-13T21:03:56.920Z,3405
brainflow,23,2021-02-03T13:30:34.555Z,1310
brainsatplay,2,2022-01-27T20:31:50.362Z,4041
breath,10,2022-05-29T14:17:48.853Z,549
britechartsorg,3,2020-07-05T22:37:04.618Z,1407
browserslist-useragent-regexp,1,2022-11-12T12:43:46.751Z,543
browserslist,83,2019-09-09T06:07:43.746Z,1675
bttr-go-playground,12,2020-02-18T03:26:47.575Z,763
buddies-of-budgie,87,2022-01-18T00:32:10.366Z,8162
bugbakery,4,2022-02-28T18:46:54.063Z,1033
buggregator,1,2021-12-08T08:05:07.027Z,328
buildtest,2,2023-08-16T16:48:32.821Z,5071
buka,3,2019-05-25T13:09:22.547Z,63
bundlephobia,43,2018-07-23T18:32:14.086Z,416
bundlesize,11,2017-09-15T05:48:40.842Z,430
buskill,6,2021-04-25T14:08:09.694Z,1092
cabal-club,35,2020-01-10T13:08:39.695Z,3050
caching-tools,2,2024-06-25T11:00:19.056Z,551
cadcad1,11,2019-11-25T15:05:16.268Z,1049
cadmium,5,2019-06-17T05:57:20.115Z,86
cadsketcher,274,2022-04-30T14:41:19.351Z,816
caiofaar,1,2022-02-16T02:03:40.129Z,32
cake,18,2020-09-22T20:51:34.835Z,5206
camelot,13,2019-10-10T10:20:42.546Z,625
cameraview,21,2018-02-27T18:02:09.099Z,543
camerawesome,5,2023-03-23T10:19:40.251Z,702
capawesome,36,2022-06-27T15:30:59.315Z,1526
captainfact_io,120,2018-05-29T11:06:23.041Z,18
cargo-limit,2,2024-02-26T19:35:19.286Z,362
caroster,10,2022-02-10T16:15:45.527Z,477
carroted,3,2022-08-14T22:38:01.446Z,168
casbin,30,2019-05-12T09:38:55.674Z,541
cassandre-tech,6,2021-03-27T22:08:00.023Z,2108
cassowary,14,2022-02-14T12:26:40.163Z,139
castle-engine,5,2020-07-06T02:05:20.748Z,16346
castopod,12,2021-04-08T09:12:46.812Z,992
casualos,7,2022-03-29T14:32:43.529Z,12400
catalyst-cooperative,3,2022-05-25T03:43:21.673Z,10502
catalyst,1,2020-11-19T16:37:50.403Z,1721
catenarymaps,12,2023-10-12T04:34:50.101Z,1721
catppuccin,59,2022-08-30T16:26:51.093Z,15058
cboard,29,2017-12-22T14:33:53.721Z,4201
ccxt,92,2017-12-22T05:12:04.071Z,66917
cdnjs,37,2016-12-14T11:08:39.398Z,5502
cecil,4,2021-07-01T01:48:20.980Z,553
celery,128,2018-03-14T13:45:00.176Z,440
centrifugal,9,2020-07-06T21:31:30.690Z,41
cglm,9,2018-03-25T21:02:19.795Z,1624
chaibuilder,2,2024-05-05T03:21:41.731Z,412
chakra-ui-autocomplete,1,2022-01-15T13:31:25.193Z,209
chakra-ui,279,2019-09-07T09:53:18.088Z,31464
chameleon-ultra-gui,37,2023-07-29T16:31:20.197Z,372
chaoss,27,2021-03-30T17:16:58.686Z,4013
charset,1,2019-12-19T15:32:13.794Z,69
chartbrew-os,2,2024-02-09T17:41:19.888Z,2468
charts,15,2016-07-05T05:04:29.763Z,1767
chatify,2,2023-07-31T14:52:33.017Z,264
chatmosphere,8,2022-01-10T12:32:14.409Z,361
chatwoot,12,2019-11-01T15:56:38.303Z,4232
cheathub,1,2021-08-26T10:06:04.143Z,478
cheatsheet,1,2021-08-25T14:16:41.703Z,364
cheton,15,2018-07-28T14:50:12.078Z,1659
chillicream,44,2020-03-19T21:56:59.726Z,3802
chucker,6,2021-12-16T15:16:18.795Z,1061
cider,193,2017-01-04T10:45:59.970Z,583
ciderapp,941,2021-12-18T04:02:44.879Z,6206
cinny,29,2021-08-31T11:21:08.941Z,1495
classicpress,53,2022-06-29T14:49:03.480Z,21707
cleancodedotnet,8,2019-02-24T07:21:40.685Z,212
climatemind,7,2022-12-09T16:19:06.603Z,1741
climbjios,7,2022-11-15T08:55:31.160Z,1192
clio,4,2020-02-13T14:14:37.101Z,940
clj-kondo,10,2020-03-31T13:08:46.426Z,2452
cljdoc,32,2018-05-29T11:46:38.029Z,2424
cloudboost,3,2017-02-14T10:14:55.380Z,838
cloudcmd,8,2016-11-05T11:49:56.324Z,16815
cloudflare-dyns,3,2019-09-05T21:54:36.398Z,17
cloudmusic-vscode,5,2021-03-26T01:00:43.879Z,2189
cnchar,2,2022-10-09T12:53:23.506Z,336
cncjs,35,2019-09-27T14:30:11.241Z,3981
cncnet,133,2023-01-06T14:49:56.158Z,2478
cocnvim,98,2020-07-10T09:31:29.752Z,5820
code-editor-land,4,2024-02-02T14:19:46.941Z,1667
code-settings-sync,42,2018-03-19T09:53:54.957Z,546
code-spell-checker,15,2022-01-13T12:25:44.316Z,3791
code-surfer,11,2019-06-17T14:51:41.465Z,332
codebuddies,35,2016-10-04T07:17:21.475Z,370
codecareer,5,2020-06-13T01:16:12.696Z,149
codeception,40,2019-10-12T09:02:09.586Z,3543
codeceptjs,45,2020-11-13T20:40:38.485Z,5483
codeeditapp,12,2022-03-28T20:47:14.485Z,2047
codeharborhub,2,2024-05-07T12:53:41.380Z,6145
codehike,11,2020-05-22T17:51:16.319Z,1715
codemarka_client,1,2022-01-07T10:25:54.576Z,14
codenteq,5,2021-11-21T19:15:31.255Z,364
coderplanets,1,2019-05-29T01:15:00.828Z,4411
codesandbox,30,2018-03-09T21:05:15.644Z,5420
codingcoach-io,13,2021-06-13T20:00:56.848Z,852
color-picker,5,2019-05-23T09:57:12.940Z,179
colour-science,35,2019-10-22T07:28:20.127Z,1912
commanded,11,2019-05-14T14:50:01.329Z,57
commonknowledge,18,2019-03-14T22:05:19.222Z,302
compodoc,43,2018-02-01T16:36:09.298Z,2642
comunica-association,14,2021-06-22T14:41:24.938Z,2353
config,11,2019-01-23T08:20:25.241Z,91
consciousdigital,22,2021-04-14T08:06:50.546Z,2328
consento,6,2020-02-25T14:59:04.065Z,365
contribkanban,10,2019-04-18T17:19:53.134Z,1045
contributor-covenant,44,2019-10-06T17:56:31.832Z,701
convene,7,2023-03-05T22:11:47.513Z,2222
cooljeanius,2,2023-07-24T14:48:12.685Z,427
coollabsio,85,2021-10-08T20:14:16.119Z,7963
coopcycle,5,2019-09-30T12:54:25.224Z,12306
coreui,3,2022-05-12T17:34:04.439Z,15038
corgi,2,2022-06-17T14:08:36.763Z,580
cotowali,15,2022-03-21T06:06:53.122Z,3046
courtbouillon,72,2020-10-01T10:42:23.892Z,235
cpeditor,5,2020-11-13T08:32:05.353Z,1890
craftgen,3,2024-06-09T09:33:55.937Z,1135
craftjs,19,2020-03-03T15:56:41.796Z,2039
create-react-app,35,2019-05-22T03:57:58.929Z,8132
creevey,3,2021-01-08T10:52:42.191Z,1208
criticalmaps,35,2019-10-24T15:58:01.389Z,216
crossover,2,2021-11-08T20:12:16.701Z,2292
crow,29,2021-07-24T09:59:03.067Z,1323
crowbartools,47,2021-05-01T21:17:25.082Z,5564
cryptpad,1013,2018-07-04T12:47:39.582Z,1242
crystal-lang,358,2018-12-12T19:25:44.851Z,2793
cspell,7,2022-01-13T12:14:58.210Z,9258
css-doodle,17,2019-07-12T03:02:47.199Z,1633
cssnano,27,2019-04-24T14:44:48.068Z,2492
csstools,8,2022-03-21T05:59:33.453Z,4307
cti_collector,1,2021-09-03T09:02:17.244Z,28
ctlos,2,2018-11-02T07:34:21.739Z,312
ctrl-f-plus-chrome-extension,2,2023-07-17T16:58:29.860Z,464
cucumber,142,2017-05-14T07:19:11.924Z,33174
cupertino-pane,12,2020-12-15T16:56:16.978Z,449
curl,733,2018-04-04T12:00:43.468Z,82
cusdis,28,2021-04-21T08:08:43.575Z,500
dahliaos,31,2021-01-12T18:41:12.369Z,59305
dairai,1,2020-04-22T17:35:41.714Z,709
daisyui,127,2022-04-13T04:40:20.388Z,1346
dan_divy,2,2019-06-30T07:55:12.154Z,549
dasel,1,2022-08-05T17:53:19.844Z,698
data-umbrella,59,2020-05-23T16:45:07.632Z,774
database_consistency,9,2022-01-22T09:44:29.009Z,334
datacap,2,2023-11-06T06:26:22.986Z,1949
datalist-polyfill,1,2020-03-07T20:30:40.126Z,302
dataproofer,2,2021-03-10T23:43:56.291Z,459
datarhei,6,2022-10-12T17:21:09.446Z,344
dataset-serialize,3,2020-09-30T04:14:00.658Z,355
dbatools,6,2019-06-10T11:35:49.624Z,195
dbgate,20,2021-05-05T12:14:18.080Z,4142
dbt-athena,12,2023-10-11T08:43:09.709Z,468
debut-js,1,2022-06-30T19:45:00.696Z,382
deca-ui,5,2022-09-04T08:47:27.728Z,231
decap,10,2024-02-15T09:05:53.268Z,4200
decentralized-internet,3,2020-04-19T01:34:34.716Z,13119
decidim,81,2021-10-07T13:21:26.900Z,6287
deck-of-cards,9,2019-06-02T18:33:26.749Z,230
deckdeckgo,7,2021-03-25T07:26:42.469Z,6856
delirvfx,1,2019-06-08T20:06:57.022Z,1550
delta-chat,30,2020-06-25T22:49:42.615Z,27011
democracyearth,44,2016-03-15T00:00:00.000Z,3788
denosaurs,9,2020-07-15T10:22:26.461Z,5727
design-tokens,15,2022-01-11T00:03:39.602Z,202
deskreen,25,2021-01-19T07:36:09.286Z,241
developersharif,2,2023-03-28T07:02:36.644Z,42
devhub,6,2019-05-23T16:50:00.412Z,2725
devincept-donations,2,2020-09-22T22:35:24.073Z,1449
devlopr-jekyll,8,2020-05-08T15:33:13.113Z,540
devshop,16,2019-02-22T17:15:37.138Z,15238
dfir-iris,14,2023-03-01T07:58:27.438Z,3276
dflydev,3,2020-05-05T14:43:48.800Z,25
dhall,27,2019-08-31T05:00:16.070Z,754
diabot,7,2023-04-06T13:53:42.747Z,923
dialect,4,2023-12-12T14:19:36.073Z,900
digitomize,2,2023-11-25T13:37:47.582Z,1891
dim,3295,2017-02-07T02:08:07.655Z,26571
dioxus-labs,23,2022-01-09T07:05:37.746Z,6539
disable-devtool,1,2022-10-09T12:57:30.321Z,119
discordbm,2,2023-06-05T00:56:21.326Z,817
discordjs,129,2017-06-03T22:00:35.057Z,8248
discordnet,28,2021-12-24T17:04:38.221Z,7089
discordpy,131,2022-03-06T04:44:53.209Z,5040
discoveryjs,4,2024-09-03T16:46:25.444Z,1149
distribute-aid-usa,122,2021-05-31T20:07:25.140Z,1345
django-restql,3,2021-05-12T07:30:37.834Z,684
django-river,3,2019-11-20T16:38:09.848Z,456
dlang,138,2018-01-25T08:57:32.812Z,2111
dnscrypt,44,2019-06-02T13:37:57.381Z,828
docker-debug,1,2019-05-24T08:23:32.987Z,139
docker-slim,4,2020-01-17T02:23:48.892Z,2305
dockovpn,2,2024-03-16T12:19:36.203Z,266
docksal,5,2020-08-13T19:49:06.285Z,4507
docsify,53,2018-01-23T15:04:42.002Z,2380
doctoolchain,14,2018-10-15T19:12:29.780Z,2739
docusaurus,47,2018-07-26T20:33:28.896Z,5934
dokku,251,2016-05-20T21:37:22.160Z,11259
dokploy,28,2024-05-29T07:25:46.863Z,891
doks,14,2021-08-12T13:16:05.135Z,5108
donut,13,2018-07-05T19:28:16.094Z,206
doocs-leetcode,9,2019-01-10T11:06:49.429Z,7521
doocs,5,2019-06-11T11:08:20.754Z,3381
dorita980,8,2019-05-27T13:03:41.283Z,153
dosbox-staging,20,2021-04-12T20:10:29.090Z,8360
dotenv-linter,4,2020-02-14T11:20:49.543Z,496
dotnet-boxed,1,2019-10-13T13:27:26.775Z,692
dots,6,2020-05-22T13:29:38.327Z,326
dowww,2,2018-12-23T05:10:11.025Z,404
dragonfire,4,2018-06-09T21:42:41.583Z,681
drawdb,4,2024-07-02T09:38:50.586Z,789
drawingbots-community,3,2019-03-09T08:02:36.726Z,208
dress,3,2018-10-18T16:40:13.081Z,2987
dribdat,8,2018-12-10T13:04:50.406Z,2346
droidian,10,2024-02-04T18:52:49.513Z,3
drupal-recording-initiative,58,2019-01-05T16:29:27.881Z,10
dry-python,7,2020-03-17T10:41:37.482Z,2636
dryer,3,2023-11-22T11:53:54.728Z,284
dstack,2,2022-01-29T16:55:11.289Z,279
dts-bundle-generator,3,2020-03-14T10:07:44.694Z,599
duostories,11,2023-07-30T18:57:33.705Z,1474
dynamoid,6,2022-03-24T04:50:55.458Z,1259
dyne,2,2019-08-10T08:00:35.981Z,3765
dyrectorio-platform,4,2023-03-08T09:58:26.713Z,685
eairp,2,2024-05-22T09:57:48.729Z,1528
earthstar,14,2021-07-07T04:24:25.223Z,1673
easy-peasy,22,2019-10-24T11:26:49.081Z,727
easy_profiler,5,2019-05-27T21:13:54.725Z,971
ecosystems,14,2022-03-21T14:57:29.887Z,2273
edgetx,305,2021-11-03T12:34:49.305Z,27584
editorconfig,1,2019-10-13T13:34:13.614Z,93
editorjs,128,2019-04-01T15:48:53.091Z,1019
editorskit,4,2019-09-09T15:03:05.587Z,1276
edoardottt,2,2023-11-29T09:37:21.607Z,9756
effector,26,2020-10-14T13:53:11.421Z,7997
efqrcode,9,2017-07-27T04:42:07.869Z,301
eggjs,11,2019-09-27T05:58:35.302Z,1479
eiblog,1,2021-05-03T13:53:19.327Z,326
einsteinpy,2,2019-06-23T15:18:16.059Z,951
electerm,5,2022-11-14T01:16:42.820Z,92
electrocrud,4,2019-07-22T09:59:12.810Z,846
electron-react-boilerplate-594,53,2018-10-19T04:28:48.269Z,7539
electron-react-boilerplate,1,2024-08-29T01:54:44.491Z,2132
electron,204,2018-03-01T22:09:38.512Z,1336
element-plus,25,2020-08-20T10:21:14.656Z,5589
elk,37,2023-01-03T23:19:39.560Z,2485
elm-tooling,20,2021-05-11T22:41:08.536Z,984
elodejs,1,2023-07-09T14:47:56.143Z,235
elysia-cqrs,1,2024-08-07T01:56:15.117Z,6
emacs-jupyter,4,2023-05-12T15:26:42.584Z,2354
emacs-lsp,65,2020-07-07T12:04:47.516Z,3824
emberjs,85,2020-01-07T00:40:41.243Z,49369
embroidermodder,10,2021-11-05T16:25:31.334Z,373
emma-cli,1,2018-05-04T12:52:32.998Z,336
emmet,241,2019-08-20T23:04:31.862Z,696
emojionearea,4,2020-07-15T08:57:48.415Z,397
emotion,63,2018-07-25T21:38:24.477Z,1418
emplea_do,14,2018-03-21T21:09:36.554Z,368
endeavouros,833,2019-07-08T06:30:09.295Z,6212
endoflife-date,11,2021-07-06T06:38:16.691Z,5924
endpoints4s,4,2019-02-27T13:46:16.898Z,1549
energizedprotection,12,2019-06-12T15:20:28.172Z,4373
enraged-rabbit-community,5,2024-07-25T21:44:42.747Z,754
entityframeworkexceptions,1,2022-07-10T16:48:36.365Z,283
entropic,8,2019-09-01T01:39:49.074Z,258
envinfo,1,2019-06-05T13:57:28.293Z,28
envio,2,2024-02-17T06:48:18.126Z,133
eprintstacktrace,4,2020-04-30T14:32:50.733Z,774
eruda,30,2019-12-27T08:45:16.689Z,991
eruption,2,2023-06-04T04:44:57.462Z,1552
erxes,64,2017-12-27T02:18:18.655Z,27322
eslint-plugin-import,7,2021-07-24T23:56:49.513Z,2177
eslint-stylistic,2,2024-05-08T13:38:57.647Z,571
eslint,635,2018-12-13T18:57:29.875Z,4450
esm,7,2023-03-08T09:04:36.630Z,2291
esmarconf,36,2021-07-15T04:43:08.045Z,122
ethical-source,46,2020-02-08T22:03:38.337Z,769
evershopcommerce,3,2024-02-21T08:02:49.326Z,1504
evotec,1,2019-07-02T08:33:01.664Z,24
evrimagaci,1,2022-01-30T03:05:22.172Z,95
excalibur,13,2018-11-16T20:41:19.024Z,235
excalidraw,179,2020-01-08T21:02:43.374Z,4697
excel-parser-processor,3,2018-07-12T15:02:43.893Z,522
excelize,5,2017-10-17T05:45:14.786Z,1974
exchangeratehost,10,2020-08-28T17:10:34.408Z,188
existdb,7,2019-11-12T12:08:15.821Z,4363
express-cassandra,4,2021-07-22T08:33:13.353Z,557
expresslrs,421,2022-01-04T04:23:44.286Z,3122
extensionjs,4,2024-06-06T14:46:53.378Z,737
external-secrets-org,29,2021-06-23T16:07:53.582Z,2730
f3h,3,2022-03-25T13:12:43.302Z,152
fab,8,2020-04-02T14:58:16.275Z,1900
faction,2,2023-12-17T00:12:51.869Z,270
faisalsayed10,2,2021-10-12T06:49:28.364Z,525
fakerjs,73,2017-02-21T00:09:23.789Z,3129
farmos,66,2019-01-23T21:01:08.655Z,3605
farstar,10,2022-04-20T11:45:58.170Z,31
fast-check,7,2019-08-31T09:57:13.267Z,6150
fast-endpoints,66,2023-05-21T09:48:24.048Z,2428
fast-xml-parser,11,2017-12-10T10:28:42.581Z,835
fastapi-template,3,2022-06-21T09:15:57.707Z,264
fastify,18,2023-11-13T07:44:10.512Z,25964
fastpack,14,2019-02-18T12:19:57.269Z,936
fe-pilot,1,2024-03-23T19:08:41.862Z,562
fe-theme,2,2023-12-19T09:53:26.832Z,505
feathers,94,2017-01-25T22:05:14.557Z,169
fedml,7,2020-10-10T13:12:33.318Z,10594
ferret,10,2018-10-23T17:16:52.636Z,837
ffmpegwasm,2,2023-08-10T14:31:54.730Z,597
ffplayout,4,2022-05-22T16:28:59.948Z,2217
ffpopup,4,2018-12-18T07:38:56.964Z,224
fider,76,2018-04-16T19:54:49.168Z,1299
figura,25,2023-07-17T18:22:24.059Z,1618
filbert-js,1,2020-08-07T11:04:12.083Z,157
filestash,12,2019-05-28T03:56:02.220Z,1557
filips123,1,2019-01-15T19:15:28.174Z,13
final-form,27,2017-12-12T20:25:34.697Z,1391
fintrack,2,2024-03-01T14:03:15.986Z,198
fireo,1,2019-11-14T10:34:13.700Z,536
firestorm,3,2019-08-28T21:41:51.549Z,53
fisker,2,2023-02-14T02:08:51.655Z,4156
flarum,108,2018-04-30T12:55:00.665Z,5620
flask-ckeditor,2,2023-10-12T11:05:43.383Z,195
flatgeobuf,3,2020-06-01T14:50:28.787Z,1144
flatpak,148,2021-07-14T20:17:06.172Z,8413
flexsearch,2,2023-07-11T09:05:59.777Z,261
floating-ui,98,2018-11-19T14:53:55.803Z,2184
floccus,71,2019-04-22T21:59:42.863Z,2994
flow-launcher,16,2022-05-08T03:47:45.839Z,18849
flubucore,1,2019-11-12T15:28:15.621Z,2899
flutter-form-builder-ecosystem,3,2022-07-20T07:35:25.091Z,2465
flutter-webrtc,23,2019-10-23T02:07:58.500Z,1536
flutter_html,7,2019-06-14T16:58:47.715Z,903
flutter_stripe,15,2021-03-09T08:06:45.713Z,476
flybyw,2,2021-05-07T01:40:29.558Z,34
flybywire,1972,2020-10-15T02:35:54.914Z,4247
flyimg,5,2017-06-12T15:09:49.647Z,1178
flysystem-qcloud-cos-v5,1,2020-09-02T12:25:28.262Z,184
fmbot,871,2020-05-20T08:49:51.637Z,3360
fnr-sponsor,2,2022-04-08T14:20:22.422Z,439
fody,185,2017-12-26T09:47:31.062Z,1863
fof,23,2019-05-28T07:25:28.320Z,3873
fontisto,1,2021-03-29T20:08:34.168Z,94
foretag,1,2022-01-16T01:50:26.222Z,218
formik,25,2019-09-19T21:14:46.797Z,1778
formily,10,2019-05-14T06:47:29.718Z,3617
formiz,2,2021-11-10T17:11:52.962Z,564
fossify,36,2024-01-28T19:29:19.377Z,48406
foxify,3,2020-07-02T07:33:29.081Z,293
fpvout,41,2021-05-14T00:01:26.800Z,40
framework7,288,2018-03-13T15:57:59.813Z,1666
fre,4,2020-01-04T03:39:22.550Z,1834
freebsd-vm-bhyve,10,2020-02-07T15:05:03.651Z,699
freesk8-os,3,2020-08-03T07:07:56.398Z,773
freki,1,2020-12-03T01:57:17.571Z,78
freshos,34,2017-02-06T12:02:49.156Z,2310
front-end-checklist,16,2017-11-02T03:12:21.177Z,890
frontenddogma,2,2022-10-08T14:41:22.025Z,224
frontmatter,8,2021-09-25T09:58:13.858Z,2596
fullstackhero,22,2021-09-23T17:01:26.812Z,574
fuse-box,29,2017-05-20T19:26:56.341Z,2590
fuse-open,14,2019-06-17T04:42:23.229Z,5942
gacp,6,2019-10-17T09:16:39.905Z,407
galacean,17,2021-06-11T03:43:54.309Z,2213
galio,5,2018-10-25T18:14:57.781Z,382
gapstyle,5,2022-02-13T12:27:12.079Z,155
gatsby-plugin-typegen,4,2021-04-07T04:07:39.008Z,114
gaugekit,1,2019-12-08T05:57:29.969Z,319
gbadev,20,2022-07-08T19:10:47.268Z,192
gbdev,35,2019-10-14T10:16:18.249Z,2044
gckit,1,2019-06-07T00:54:58.552Z,3
gdbfrontend,1,2021-09-15T05:26:59.957Z,520
gdljs,40,2016-08-09T00:00:00.000Z,16
gdm-settings,26,2023-04-09T16:06:43.436Z,1300
generator-jhipster,1012,2017-11-17T15:53:58.123Z,51798
genshinmap,3,2021-06-14T14:53:37.222Z,191
gentelella-rtl,1,2019-06-01T11:45:51.135Z,51
geojson-net,5,2019-04-06T20:47:58.768Z,158
geostyler,9,2023-05-19T11:47:57.296Z,7995
getwidget,1,2020-01-20T07:33:06.889Z,1022
geysermc,83,2021-08-08T14:45:16.132Z,6877
ghost,76,2017-10-31T03:47:15.855Z,43444
gin-vue-admin,4,2021-02-20T02:44:41.527Z,2918
git-bug,27,2018-09-10T08:29:04.128Z,2511
git-history,15,2019-02-12T16:34:38.804Z,258
git-it-electron,1,2022-01-21T14:33:00.532Z,553
git-quick-stats,5,2019-02-13T07:34:58.088Z,278
git-secret,15,2018-01-28T07:05:26.573Z,781
gitea,373,2018-04-10T13:24:42.337Z,16063
gitextensions,265,2018-10-30T16:04:16.621Z,85
github-profile-readme-generator,3,2020-09-25T10:10:00.744Z,550
github-readme-activity-graph,3,2022-02-28T15:00:31.375Z,492
github-trending-api,3,2019-07-03T09:23:38.248Z,167
gitlink,19,2022-04-18T09:59:42.167Z,156
gitpay,1,2020-04-29T20:59:21.488Z,1565
gitpkg,1,2021-12-01T13:42:40.725Z,130
gitthermal,3,2019-11-02T11:17:06.109Z,942
glab,14,2020-08-11T17:41:14.396Z,1753
glaze,1,2020-04-10T17:46:36.941Z,382
global-developer-network,1,2021-01-03T07:26:40.994Z,74
glpi-project,21,2019-07-23T14:50:19.250Z,12210
gltfforue4,5,2020-08-13T10:06:26.367Z,338
go-admin,5,2019-10-08T06:58:40.706Z,142
go-api-boilerplate,3,2019-07-11T01:19:14.463Z,1010
go-app,10,2020-02-19T21:34:13.718Z,1156
go-callvis,4,2020-12-31T16:29:55.300Z,174
go-carbon,1,2021-09-14T03:07:23.198Z,1238
go-coap,6,2020-05-07T19:53:31.623Z,471
go-kratos,4,2021-01-10T08:57:32.716Z,1808
go-on-rails,1,2020-11-10T08:05:45.623Z,51
gocron,2,2023-10-28T20:51:17.097Z,98
goimagehash,1,2020-12-26T10:08:42.127Z,54
goinception,5,2019-12-27T01:19:20.604Z,975
golangci-lint,3,2024-05-11T16:17:45.780Z,4781
gomint,8,2019-08-02T16:01:29.284Z,211
gomymobi,3,2020-06-03T01:05:39.726Z,31
gonzo-engineering,2,2024-08-28T14:58:38.503Z,612
goober,16,2020-02-08T10:09:16.964Z,436
goodwork,8,2019-09-15T16:29:18.380Z,1067
goravel,10,2023-02-15T15:15:42.354Z,210
goreleaser,59,2018-01-18T19:01:24.893Z,8787
gorm,33,2018-02-13T07:36:08.269Z,6555
gorush,5,2020-04-15T06:39:52.754Z,1059
gotosocial,199,2022-05-10T12:26:40.748Z,2029
gotranspile,2,2022-06-15T08:21:51.572Z,159
gqless,12,2019-10-30T11:55:25.456Z,374
grain,8,2020-11-02T16:09:33.412Z,2873
gramaddict,26,2020-11-28T19:35:13.953Z,598
grapesjs,144,2017-01-03T12:32:59.574Z,5916
graphic,1,2022-07-03T04:33:43.300Z,157
graphpack,2,2018-10-29T06:41:49.235Z,141
graphql-compose,22,2018-05-10T17:21:25.647Z,2053
graphql-faker,2,2023-05-01T16:36:09.450Z,354
graphql-flutter,14,2019-09-28T15:19:06.449Z,1735
graphql-net,23,2019-01-11T01:05:11.187Z,2562
graphql-shield,21,2018-05-04T13:00:08.463Z,1390
graphql-voyager,3,2023-04-08T13:44:39.737Z,766
grassmannjl,5,2020-04-03T14:32:18.133Z,438
grav,204,2017-01-26T18:34:11.495Z,4338
greenshot,28,2019-03-28T06:45:43.721Z,645
grey-software,11,2020-08-10T02:25:51.011Z,538
grid-trade-helper,1,2020-06-23T08:52:04.263Z,91
grida,1,2020-11-16T06:10:50.723Z,16054
gridjs,7,2020-05-11T10:22:42.986Z,1967
gripmock,2,2024-05-31T09:52:07.116Z,977
gtk-rs,51,2020-04-01T18:13:56.840Z,36057
gulpjs,170,2016-04-29T00:00:00.000Z,419
guppe-groups,117,2022-11-21T16:38:43.793Z,172
h5-dooring,2,2021-08-18T07:56:39.457Z,526
hackpad,5,2021-06-23T03:09:41.298Z,726
hadronepoch,2,2023-03-22T12:46:29.020Z,477
handycontrol,6,2019-11-13T12:49:06.621Z,1957
harmony,5,2021-07-23T05:01:16.043Z,1255
hashload,16,2020-09-30T03:30:00.481Z,733
hass-miwifi,1,2022-05-04T07:30:53.741Z,58
hatsh,5,2021-10-03T21:56:46.452Z,465
haxe,9,2018-08-09T01:22:34.962Z,1016
headcrab,17,2020-07-15T18:29:25.935Z,433
headwind,4,2020-03-11T01:15:51.409Z,197
heim-rs,6,2019-08-03T16:36:54.095Z,308
helix-editor,249,2022-03-11T01:57:32.559Z,17063
hemera,1,2019-04-06T08:36:53.646Z,2522
hemulgm,3,2023-01-21T13:33:04.318Z,79
herotransitions,1,2021-02-08T02:11:41.005Z,548
heti,3,2020-10-29T08:09:40.295Z,138
hexo-abbrlink,1,2020-07-21T06:46:21.199Z,16
hexo-theme-lx,1,2020-06-25T07:07:11.967Z,223
hexo-theme-stun,1,2020-04-27T06:34:55.497Z,581
hexo,28,2017-04-05T20:39:37.386Z,2424
heylinda,5,2021-07-29T18:03:31.155Z,224
hiddify,35,2023-01-10T13:54:12.906Z,6306
hievents,2,2024-09-05T03:24:36.095Z,400
holoviz,11,2023-04-26T15:19:15.388Z,7486
homebrew,375,2021-11-05T13:25:15.107Z,469705
homepage,16,2023-09-27T06:23:10.211Z,6234
homura,1,2020-11-19T02:52:17.095Z,60
hoppscotch,31,2019-08-23T07:20:20.988Z,5226
horizon_sim,6,2023-08-22T07:44:59.580Z,1143
hospitalrun,32,2016-07-20T03:24:32.949Z,1899
hotio_collective,35,2021-01-17T14:27:16.976Z,8024
hpy,8,2020-03-06T16:48:15.780Z,2381
hrea,32,2021-09-06T23:57:20.863Z,3038
html-bundler-webpack-plugin,4,2023-02-03T11:59:26.506Z,204
html-react-parser,2,2019-07-10T01:44:09.555Z,2612
html-webpack-plugin,35,2018-03-20T05:59:02.855Z,339
htmlhint,4,2018-08-22T02:21:01.085Z,249
http-downloader,1,2021-11-06T05:59:28.400Z,232
httparchive,12,2021-04-11T20:42:19.129Z,4272
hugomrdias,2,2024-05-27T16:40:05.161Z,477
hydephp,2,2024-02-10T15:38:04.831Z,34802
hydra,8,2020-02-21T00:33:42.194Z,1881
hydro-sdk,4,2021-01-15T02:29:42.929Z,4212
hylo,33,2021-11-04T03:43:55.117Z,5086
hymps,2,2024-03-06T13:14:03.278Z,1206
hyperf,5,2019-07-01T09:36:39.512Z,13369
hypha,4,2016-11-17T17:58:17.490Z,5691
hyphenopoly,2,2019-02-28T10:11:23.637Z,772
icecream,12,2017-12-01T08:45:31.265Z,464
icestack,1,2024-01-02T19:29:28.855Z,652
icon-shelf,1,2022-01-08T16:36:58.103Z,239
iconify,8,2024-04-19T07:03:57.124Z,2857
iconoir,42,2022-04-12T20:30:53.113Z,528
icosa,53,2021-01-28T18:43:12.611Z,827
idocs,3,2020-11-09T08:38:00.739Z,45
idyll,41,2017-09-26T18:03:17.678Z,2666
igraph,3,2023-10-03T14:24:58.700Z,5381
ihateregex,5,2020-02-03T02:50:45.397Z,469
il-libro-open-source,12,2023-10-08T14:26:01.575Z,99
imagesharpavcodecformats,1,2021-01-03T12:19:58.142Z,173
imaginary,13,2017-01-18T22:34:26.185Z,583
imask,15,2019-07-17T08:29:54.270Z,752
imglab,2,2018-08-08T01:14:09.405Z,368
imi,1,2018-09-30T01:09:33.870Z,3783
immer,34,2019-09-12T18:54:45.160Z,1359
indieweb,85,2017-03-12T18:43:29.088Z,936
infection,9,2020-10-18T20:28:02.481Z,3641
inferno,42,2017-12-26T19:09:48.389Z,3481
infinite-canvas-tutorial,1,2024-04-23T13:34:46.318Z,80
infyomlabs,20,2019-11-13T05:09:39.064Z,1323
insurgo,59,2019-12-01T19:00:05.482Z,2880
intelligo,4,2018-10-04T10:39:48.304Z,822
intellij-rainbow-brackets,596,2019-07-17T05:27:19.966Z,1044
intelowl-project,9,2022-11-25T13:20:59.955Z,2840
ionide,276,2019-01-30T16:33:03.931Z,7907
iosdevspace,55,2022-11-19T21:12:20.679Z,28
iotsharp,4,2021-04-15T08:39:34.176Z,2761
iptv-org,57,2021-05-19T16:21:29.411Z,33501
iris-social,15,2019-10-21T15:53:29.144Z,3607
isomorphic-git,13,2018-05-11T05:32:32.933Z,1108
izihawa,2,2023-01-27T12:24:07.207Z,707
jaeles-project,11,2019-11-25T18:36:01.944Z,353
jamify-cloud,2,2020-09-28T10:02:56.687Z,407
jamstatic,20,2018-03-20T09:11:58.983Z,1265
jaredsburrows,1,2020-11-17T16:32:56.515Z,1698
java-jda,23,2021-12-07T19:47:59.878Z,2536
javacord,4,2023-08-16T06:54:38.438Z,2497
javaistic,4,2021-06-11T06:12:36.006Z,1344
javascript-obfuscator,105,2017-05-26T11:13:28.935Z,2012
jbot,8,2017-06-25T11:59:02.778Z,741
jekyll-admin,11,2019-09-25T20:34:42.589Z,1479
jellybook,2,2023-09-20T01:47:09.590Z,697
jellyfin,1566,2018-12-16T21:22:32.480Z,85653
jenssegers-blade,1,2019-05-25T07:13:59.954Z,59
jest-html-reporters,1,2020-09-30T14:28:02.541Z,243
jest-preview,35,2022-05-28T10:27:35.540Z,850
jetbrains-one-dark-theme,10,2020-05-15T02:57:56.356Z,229
jira-cli,21,2021-07-12T03:34:14.212Z,425
jira-plugin,4,2019-11-04T21:56:49.297Z,557
jitesoft-open-source,2,2019-04-22T16:57:59.997Z,112
joshjs,1,2020-06-19T05:15:53.925Z,37
jotai,11,2020-12-16T00:14:32.515Z,1518
jovo-framework,51,2018-11-28T13:02:49.626Z,6660
jpa-support,1,2021-01-25T15:20:15.918Z,236
jreleaser,11,2021-07-14T14:51:32.713Z,2437
jrsonnet,9,2021-07-02T20:03:33.930Z,1014
js-org,30,2020-09-02T16:13:26.841Z,12012
js-sdsl,3,2022-10-22T13:06:42.038Z,403
jsdelivr,16,2021-07-18T12:59:08.164Z,10577
json-schema,58,2019-08-12T11:42:52.905Z,5408
jspm,19,2020-06-15T03:50:36.621Z,1024
jsstore,7,2018-08-13T02:33:23.324Z,1243
jsx-eslint,7,2021-07-22T04:26:18.392Z,969
julialang,52,2021-02-11T18:52:43.281Z,2809
just-the-docs,6,2023-01-24T15:38:07.994Z,1394
k2vr,11,2021-10-25T02:43:28.495Z,417
kairos-research-lab,20,2022-08-18T16:09:53.819Z,1277
kaiyuan,1,2019-06-01T09:51:03.812Z,24
kalm,4,2019-12-15T17:22:27.425Z,129
kaplay,8,2024-07-13T19:44:47.238Z,2032
kataw,2,2021-02-18T12:41:34.475Z,783
kavita,91,2021-06-24T16:23:44.860Z,2661
kea,14,2017-10-12T09:31:34.998Z,1099
keepassxc,318,2018-03-20T02:56:56.827Z,3962
keeweb,244,2019-09-07T18:09:13.988Z,360
kendraio,7,2017-06-26T21:22:44.638Z,1977
kevinrwhitley,5,2021-04-11T14:53:18.363Z,1252
keyshade,6,2023-12-31T13:07:41.365Z,489
keyviz,7,2022-08-09T05:33:00.516Z,227
kingdom-hall-attendant,11,2024-03-28T05:21:12.901Z,288
kingfisher,38,2017-06-29T12:45:37.613Z,2873
kinsondigital,3,2023-09-21T17:56:24.167Z,2924
kitspace,31,2018-11-08T16:35:34.877Z,1948
kivy,214,2018-11-04T12:29:15.685Z,276
kivymd,59,2020-04-20T17:17:16.395Z,5396
kiwitcms,51,2018-12-27T22:23:21.746Z,7419
kmon,5,2020-03-25T21:16:53.145Z,1664
knewkarma,3,2024-08-11T19:09:05.286Z,1030
koa-rest-api-boilerplate,1,2019-08-11T17:14:45.009Z,159
koel,22,2016-06-10T14:34:05.326Z,2792
koin,131,2018-08-24T12:50:30.892Z,1771
komapper,11,2023-02-24T12:24:41.937Z,1606
komga,34,2020-06-10T01:43:12.547Z,2976
konstaui,17,2022-04-12T14:45:34.820Z,632
konva,17,2020-05-01T17:44:36.229Z,2612
korge,12,2020-01-01T14:01:21.845Z,274
kornia,17,2021-05-21T23:35:53.576Z,2714
kosson,1,2019-07-29T07:14:29.719Z,625
krehak,1,2021-06-19T14:01:58.932Z,1
ksnip,4,2021-05-27T10:48:53.595Z,3702
kstatemachine,5,2024-02-24T16:05:42.519Z,300
ktx,4,2022-01-19T12:38:29.664Z,1112
kube-hetzner,6,2022-11-19T08:29:08.335Z,1786
kuma-ui,12,2023-07-31T12:50:43.738Z,387
kumbiaphp,20,2020-01-15T15:14:49.596Z,425
labelmake,1,2021-08-18T07:47:26.669Z,158
laeran,3,2020-12-15T17:25:43.073Z,29194
lairdubois-opencutlist-sketchup-extension,1640,2019-11-03T08:00:06.915Z,3870
lantern,2,2019-11-08T03:56:38.859Z,172
laravel-admin,21,2018-02-26T07:02:46.801Z,6122
laravel-boilerplate,2,2023-07-11T14:02:45.687Z,76
laravel-ecommerce,3,2018-05-12T00:00:35.798Z,2509
laravel-lang,3,2021-10-07T09:36:42.187Z,7117
laravel-shopify,13,2020-06-05T16:24:47.968Z,1514
laravel-wallet,10,2020-04-17T07:22:31.163Z,1996
laraveldash,1,2020-08-16T14:42:59.199Z,513
laravelmetatags,1,2021-12-08T08:07:18.933Z,145
larecipe,9,2019-02-05T09:27:43.817Z,6
latex-workshop,2,2024-09-06T04:37:44.125Z,5876
lawnchair,69,2019-12-04T15:34:31.647Z,11984
layui,2,2023-09-21T12:57:04.913Z,2100
leaf,13,2020-05-05T03:00:43.191Z,1737
leafletjs,18,2022-05-04T07:59:55.271Z,1058
learnawesome,3,2020-06-23T15:34:28.221Z,1328
learning-rxjs,2,2019-07-14T09:42:17.849Z,52
lego-build-collective,2,2022-09-12T07:45:19.443Z,92
lem,37,2017-10-16T09:40:48.690Z,10508
letterpad,2,2018-06-25T10:44:01.312Z,1662
level,27,2018-01-20T10:02:14.141Z,3114
lfortran,37,2021-07-08T18:19:26.775Z,16771
libreav,13,2021-12-24T05:35:29.519Z,239
librecad,1432,2022-09-04T09:10:47.935Z,1286
libredirect,15,2022-12-16T03:14:36.720Z,1560
libreelec,310,2021-01-09T08:00:24.462Z,57893
libreops,79,2018-08-09T08:30:31.357Z,78
libretime,25,2019-06-27T09:06:14.744Z,4806
libspng,5,2019-11-23T11:07:04.837Z,957
libvips,82,2019-09-18T13:51:33.283Z,881
lidarr,174,2018-03-27T18:34:12.648Z,5233
limarka,1,2019-01-05T18:26:17.330Z,467
lin-ui,2,2020-08-06T06:48:24.253Z,710
linearmouse,21,2022-02-09T10:42:23.552Z,553
lingua-franca,6,2023-12-08T17:59:57.268Z,16257
linkace,8,2020-06-24T10:10:13.510Z,1359
linkwarden,18,2023-07-01T08:31:46.827Z,1383
lint-staged,41,2018-09-29T08:15:41.951Z,1017
linux-wifi-hotspot,5,2020-12-31T22:19:28.086Z,549
linuxserver,871,2019-07-22T21:39:03.624Z,65178
liquidjs,14,2019-08-01T06:45:43.850Z,1160
litestar,16,2023-04-20T07:32:06.453Z,4825
litiengine,22,2019-10-24T21:38:48.018Z,2389
livetl,72,2021-02-27T12:23:43.147Z,4923
lloyd-atkinson-open-collective,3,2022-04-29T14:17:09.390Z,109
loadable,12,2019-04-22T15:28:32.441Z,513
loading-attribute-polyfill,1,2020-03-07T20:32:24.117Z,443
lobehub,50,2023-12-01T16:06:41.775Z,9257
localstack,73,2017-07-31T08:56:27.404Z,6190
localstorage-slim,3,2024-02-09T12:24:34.608Z,121
logchimp,7,2021-02-20T01:10:41.727Z,1033
logseq,9552,2020-09-22T10:40:25.537Z,12136
losslesscut,44,2019-10-14T20:01:55.015Z,2476
lottie,34,2020-10-26T16:45:34.576Z,4350
lowdefy-os,4,2023-05-24T15:08:10.040Z,5783
lss-manager,32,2022-04-22T20:20:03.681Z,16185
lthn,10,2022-05-19T06:55:22.420Z,335
lucee,175,2019-02-08T01:04:31.082Z,11301
lucide-icons,12,2022-04-24T12:02:33.655Z,1586
luckysheet,3,2020-11-20T14:26:02.878Z,1059
lumen,7,2019-01-21T15:59:26.477Z,257
lvgl,40,2021-02-03T10:30:59.453Z,8031
lychee-collective,5,2022-04-11T23:20:25.308Z,1771
m68k-llvm-dev,13,2021-12-03T12:17:51.139Z,165815
macos-alerter,3,2020-01-11T15:32:46.903Z,39
macports,13,2024-04-12T15:22:35.550Z,149331
magicodes,1,2020-03-09T12:20:47.672Z,1239
magnify,2,2019-10-08T16:05:25.101Z,287
makersnetwork,21,2021-01-16T14:56:07.529Z,518
mango,4,2020-07-19T14:19:52.076Z,1071
manjaro,2134,2019-08-04T11:16:04.548Z,612
manyverse,227,2018-09-12T09:28:53.182Z,2734
mapeo,19,2019-01-25T18:11:46.917Z,1362
maplat,10,2019-07-25T09:48:46.223Z,128
mapletestimony,10,2023-01-06T17:11:57.729Z,3437
maplibre,67,2021-05-04T15:34:54.187Z,31265
markdown-it,8,2022-01-18T13:32:48.119Z,33
marktext,61,2018-03-24T18:39:57.470Z,3100
marshmallow,45,2018-05-13T18:46:33.396Z,194
masscode,55,2020-02-25T06:55:10.815Z,746
master-co,21,2022-03-08T15:17:03.509Z,4025
mastodon,602,2018-12-22T04:51:04.537Z,57522
material-table-core,11,2021-05-28T13:50:41.636Z,2330
material-table,15,2019-10-23T11:34:41.577Z,1498
material-tailwind,4,2022-06-24T13:19:35.201Z,3004
material-theme,40,2017-11-08T11:03:23.291Z,16
mathesar,7,2023-02-07T21:04:32.568Z,13967
matomo-analytics,26,2020-08-20T02:02:34.925Z,2043
matter,4,2022-01-02T16:41:56.068Z,72
mautic,149,2020-07-07T15:17:56.296Z,26
maz-ui,1,2022-06-24T18:10:45.004Z,1717
mcbedrock,1,2021-08-15T15:28:22.667Z,26
mediasoup,61,2019-01-21T10:34:18.787Z,2040
medium-clone-on-node,1,2019-02-23T11:48:02.322Z,13
medium-posts-api,1,2023-07-22T03:26:48.125Z,614
mellium,8,2021-04-16T13:39:38.052Z,1626
melpa,94,2022-02-05T20:54:53.036Z,543
merveilles,26,2019-04-07T23:57:37.304Z,15188
meshtastic,159,2022-04-20T03:10:09.557Z,3916
meta-system-engine,4,2023-08-22T00:19:21.622Z,581
metamask,459,2018-03-28T16:36:59.494Z,149145
meteor-up,63,2017-08-25T14:57:04.257Z,1238
metro4,3,2018-10-16T13:04:23.548Z,277
mevn-cli,12,2019-07-17T05:55:29.468Z,707
michijs,2,2023-02-08T16:13:14.278Z,306
micro-elements,6,2021-01-05T20:49:01.259Z,281
micro-web-stacks,2,2023-01-27T18:37:16.132Z,818
microcks,4,2023-07-19T16:39:17.128Z,2682
midnight-lizard,116,2018-10-30T09:34:53.490Z,1559
midori-browser,3,2020-08-03T09:57:57.506Z,1296
mikado,2,2024-02-06T13:05:00.412Z,282
mikudos,2,2020-05-08T11:19:24.742Z,234
milligram,16,2016-07-04T07:19:12.135Z,904
mimium,1,2020-08-26T12:30:20.520Z,1096
minecase,1,2020-02-19T06:51:03.504Z,136
mingyaulee-gh,3,2021-07-17T13:22:46.269Z,642
mint,13,2018-07-07T14:17:17.311Z,2017
miracles,1,2020-07-03T15:14:56.935Z,634
mirai-js,3,2022-03-20T05:54:52.742Z,532
miso,7,2019-08-09T19:00:20.309Z,841
mithriljs,37,2018-12-06T07:06:01.136Z,854
mixcore,3,2020-02-25T07:29:39.455Z,2452
mllaunchpad,5,2019-12-04T19:50:05.402Z,155
mnfst,3,2023-09-21T16:27:13.122Z,1053
mobile-ffmpeg,8,2019-07-09T11:16:42.938Z,826
mobx-react-form,7,2018-04-26T14:46:13.514Z,863
mobx,220,2016-11-04T14:07:16.417Z,9579
mochajs,1015,2016-03-18T00:00:00.000Z,180
mockk,34,2018-08-05T07:38:26.610Z,2384
modern-web,113,2020-08-19T20:51:11.056Z,5500
moduleart,6,2020-12-15T10:06:11.470Z,412
moleculer,29,2018-05-25T07:10:07.367Z,4464
mollyim,249,2021-04-14T14:56:36.877Z,15307
mongock,4,2022-02-02T18:26:54.301Z,124
mongodb-memory-server,7,2020-09-23T19:09:14.102Z,2433
mongoke,4,2020-03-30T14:21:54.111Z,385
monibuca,12,2022-10-08T12:31:15.804Z,348
monitoror,9,2020-03-06T01:23:59.944Z,787
moonshine,4,2023-04-11T17:29:18.273Z,4070
motus,1,2019-06-01T12:47:34.803Z,170
mswjs,34,2021-02-25T10:31:34.974Z,2702
mudblazor,93,2020-11-12T13:29:30.602Z,5533
mue,5,2022-08-31T13:57:04.343Z,2059
muhammadfiaz,2,2023-12-01T08:58:47.100Z,13
mui-org,416,2017-01-12T23:12:15.440Z,34456
multihead-siamese-nets,1,2020-02-25T10:31:41.371Z,87
multrin,2,2019-04-13T16:35:38.176Z,360
mumuki,3,2022-05-11T18:45:29.308Z,296
mun,11,2019-10-04T09:50:12.115Z,875
musish,19,2019-07-10T17:59:09.128Z,1109
mvvmcross,59,2017-04-24T08:07:57.748Z,333
mypy_boto3_builder,1,2022-02-12T23:34:36.524Z,1796
mysigmail,3,2019-01-08T09:42:44.404Z,275
mystiq,1,2020-02-14T12:05:22.954Z,549
mystory,2,2024-04-29T18:11:50.301Z,277
nakama,1,2021-07-10T03:22:38.906Z,685
nannou,41,2019-01-20T02:36:19.136Z,1632
nanoexpress,1,2020-10-27T19:52:23.519Z,681
nanoframework,67,2019-05-25T09:50:38.360Z,15210
nanui,4,2021-01-18T06:11:50.879Z,603
napi-rs,9,2023-01-24T16:04:04.643Z,2703
natives-in-tech,72,2020-07-10T05:21:22.580Z,258
nativescript,73,2020-06-26T18:08:25.881Z,25950
necord,3,2023-03-09T09:00:03.505Z,4259
nekox,10,2021-03-20T12:50:01.647Z,3437
nent,2,2022-04-20T04:08:33.948Z,2881
neoforged,35,2023-07-04T23:20:59.071Z,8204
neorg,4,2022-01-15T21:08:47.043Z,3572
nerves-project,136,2017-08-14T17:36:48.512Z,11419
nest-cloud,3,2019-12-20T08:08:28.563Z,9
nest,1090,2017-05-20T15:14:54.914Z,20098
nestdotland,4,2020-07-13T23:21:56.735Z,844
nestia,12,2022-01-02T08:54:56.615Z,1498
nestjsx,31,2019-06-10T11:24:53.707Z,547
net-dynamic-api,2,2022-08-10T11:30:23.476Z,133
netbootxyz,15,2019-11-11T14:12:35.009Z,7383
netsora,2,2023-05-31T15:09:50.261Z,126
networkx,18,2021-07-08T19:54:21.447Z,434
news-android,5,2022-06-03T05:09:56.714Z,924
newtonsoftjson-for-unity,13,2020-03-19T14:41:42.390Z,222
nextacular,8,2022-03-22T07:31:53.774Z,68
nextauth,60,2021-07-05T15:27:15.176Z,3046
nextjs-toploader,3,2024-03-02T19:59:53.281Z,106
nextui,48,2021-10-07T20:52:22.170Z,2995
ng-alain,4,2018-10-26T04:04:58.414Z,804
ng-matero,9,2020-02-04T02:26:29.528Z,3134
ng-stack,1,2022-01-07T12:49:48.862Z,541
ng-web-apis,6,2020-09-07T14:33:05.902Z,1594
ngrx,138,2017-07-18T15:26:42.361Z,1963
ngx-clipboard,1,2019-08-28T17:31:50.176Z,411
ngx-cookie-service,3,2021-11-04T11:26:46.209Z,408
ngx-progressbar,1,2018-11-25T03:34:09.397Z,482
ngx-scrollbar,5,2019-08-25T23:28:08.482Z,931
ngx-ui-scroll,6,2020-08-16T01:03:47.163Z,2571
ninja-keys,3,2021-10-28T15:57:21.466Z,55
nix-community,49,2023-01-23T10:42:19.183Z,96708
nixos,756,2019-07-15T20:00:53.428Z,195432
nlpodyssey,11,2020-05-19T18:14:22.523Z,2147
node-argon2,4,2019-06-18T00:56:33.880Z,719
node-datachannel,5,2022-03-14T18:16:59.970Z,742
node-db-migrate,9,2018-09-05T07:47:38.520Z,497
node-escpos,1,2019-09-05T05:07:43.519Z,217
node-fetch,31,2019-10-02T07:57:20.425Z,468
node-opcua,19,2020-11-30T12:42:17.578Z,437
nodejs-mobile,4,2023-09-11T14:38:55.652Z,287
noice,58,2020-06-22T06:20:12.677Z,2471
noj,1,2021-08-27T08:04:10.783Z,3754
nonebot,8,2020-12-02T07:54:11.863Z,8961
nosqlclient,2,2019-03-05T07:48:29.913Z,1293
notesnook,13,2022-09-01T09:07:35.273Z,12363
notistack,12,2020-05-17T23:39:18.735Z,498
novavideoplayer,24,2020-10-11T13:54:23.285Z,4790
npkill,22,2019-08-27T12:57:32.471Z,631
nrepl,19,2018-12-23T16:00:04.076Z,10
nservicebusextensions,12,2018-11-25T06:18:03.438Z,1172
nthumods,4,2024-08-06T03:24:59.023Z,1337
nuke,26,2018-12-25T03:23:09.041Z,1651
numldesign,4,2021-08-12T13:50:50.629Z,2039
numpy,31,2020-04-02T19:10:47.289Z,1227
nuxtjs,574,2017-05-04T09:29:55.891Z,18206
nvim-spotify,1,2021-12-29T11:39:56.358Z,22
nvim-treesitter,23,2021-04-21T17:26:59.394Z,5230
nvimdev,4,2023-06-25T01:58:04.809Z,1690
oapi-codegen,2,2023-11-16T13:55:46.020Z,606
obsproject,1917,2019-01-17T05:07:55.364Z,746
oc-shopaholic,1,2020-07-03T21:43:46.890Z,176
occ,5,2020-06-19T11:44:48.212Z,569
octobox,141,2016-12-19T19:02:48.400Z,4452
oddbird-open-source,29,2023-10-17T19:50:12.844Z,4850
odiff,7,2020-11-14T20:31:25.740Z,241
odoo-saas,2,2020-04-08T14:22:51.115Z,218
offline-plugin,18,2017-03-20T22:04:28.754Z,672
ogma,2,2023-01-11T00:32:01.196Z,109
ohmyform-sustainability,8,2020-04-13T18:18:27.118Z,1810
ohmyzsh,97,2019-02-10T22:23:25.067Z,4059
ohn,10,2021-06-09T13:46:30.813Z,70
oi-wiki,4,2018-08-29T00:57:38.275Z,18932
onelang,4,2021-05-24T15:36:36.347Z,1447
open-industry-project,2,2024-02-18T00:16:23.213Z,62
open-research-calendar,13,2022-10-01T23:01:19.140Z,558
open-set-go,2,2023-11-03T15:49:23.447Z,79
open-source-mac-os-apps,2,2018-09-13T20:56:33.843Z,1260
open-sustainable-technology,5,2020-12-07T16:59:39.942Z,3828
open-web-calendar,7,2022-04-23T10:28:57.482Z,1945
open-web-docs,219,2020-10-14T12:23:06.055Z,5038
open5gs,26,2020-08-14T14:49:45.328Z,4498
openaddresses,565,2020-01-04T14:30:45.961Z,128
openandroidinstaller,6,2023-01-26T15:14:34.001Z,902
openapi-directory,27,2018-02-16T22:13:30.148Z,8505
openapi-stack,1,2021-02-21T12:36:56.523Z,1585
openapi-ts,6,2024-06-19T16:22:34.615Z,1253
openapi_generator,242,2019-03-29T04:11:36.991Z,20105
openbenches,16,2022-09-25T14:26:59.458Z,715
openbeta,41,2021-08-23T19:38:05.858Z,792
openchakra,6,2020-02-17T09:44:48.622Z,183
openclimatefix,11,2019-09-15T11:06:30.847Z,10056
opencore-legacy-patcher,2418,2023-05-17T23:31:04.813Z,3383
opencyphal,8,2020-02-06T11:33:24.455Z,3393
opendevufcg,31,2020-07-24T23:54:17.979Z,2116
openelectioncompass,6,2020-11-18T11:59:59.511Z,272
openfl,11,2017-10-24T01:29:24.647Z,197
openfoodfacts-server,25,2019-01-19T18:42:07.533Z,19037
openhd,59,2020-06-17T03:27:50.823Z,11276
openhv,10,2022-12-27T06:34:01.120Z,2845
openinfolabs,3,2022-10-25T18:56:55.534Z,37
openinput,7,2021-04-27T03:19:22.277Z,335
openipc,388,2020-02-26T05:25:03.695Z,4721
openknx-collective,4,2023-07-03T12:55:04.643Z,30
openmined,174,2020-03-28T15:32:13.949Z,36
openml,6,2021-09-20T11:57:15.838Z,2571
openodroe,7,2022-09-23T09:28:35.242Z,367
openprivacytech,8,2022-06-10T23:30:49.815Z,191
openrpc,8,2020-09-06T17:40:39.440Z,1778
opensource-fluidnumerics,2,2023-12-02T15:10:46.018Z,216
opensourcebim,222,2020-12-25T22:19:10.066Z,15129
opensourcedesign,119,2016-11-03T13:50:39.324Z,1184
opensourcediversity,56,2018-08-13T19:16:28.012Z,195
opensourcestories,4,2023-12-30T19:55:09.006Z,113
openstitching,3,2023-04-20T19:54:49.539Z,127
openwhyd,31,2017-05-05T23:00:05.646Z,1833
openwrt-tailscale-enabler,1,2022-04-01T16:24:10.076Z,112
open_stt,23,2019-09-03T15:21:19.904Z,342
oppr,4,2019-09-06T14:06:38.750Z,445
opsdroid,16,2018-01-23T09:25:07.291Z,1226
opt-out-tools,4,2019-06-09T19:31:32.906Z,411
orangopus,9,2019-06-29T09:35:47.965Z,19
orbitdb,35,2020-07-01T10:58:25.777Z,2882
orchid,45,2017-09-08T00:19:50.902Z,8542
organicmaps,55,2021-04-08T07:51:42.915Z,31839
orthanc,40,2022-01-24T08:37:42.192Z,425
ory,34,2018-03-07T18:34:03.026Z,21155
osca,101,2019-02-20T13:26:18.816Z,1737
osjs,4,2019-01-05T21:12:07.193Z,868
oslllo-svg-fixer,2,2024-03-07T16:48:40.840Z,312
osmedeus,26,2019-07-25T14:56:33.217Z,432
osmocom,33,2018-05-24T09:37:26.667Z,11016
ospic,6,2021-03-14T09:34:34.213Z,30
otion,6,2020-05-18T16:48:31.579Z,293
ovenmediaengine,31,2021-06-24T05:35:13.028Z,3962
overte,24,2023-03-05T18:23:24.800Z,57694
owncast,100,2021-02-25T21:34:32.440Z,6960
oxc,4,2024-08-29T09:55:15.947Z,5703
ozw,14,2019-07-02T07:06:17.292Z,6233
pacstall,4,2022-12-15T19:34:13.833Z,8077
pact-foundation,30,2018-03-28T04:01:59.153Z,4545
pagic,1,2020-11-16T02:51:15.285Z,356
panda-wallet,13,2023-10-07T20:34:38.444Z,356
parse-server,125,2017-05-11T12:39:16.062Z,13707
passkit-generator,15,2019-12-06T23:22:01.730Z,951
passwordless,9,2019-07-31T19:48:55.572Z,540
pcp,11,2021-04-06T05:38:17.696Z,738
peachcloud,27,2019-02-06T04:19:49.337Z,232
peerbit,6,2022-11-21T09:46:19.784Z,2747
peercoin,46,2020-04-16T10:38:43.201Z,1234
pest,7,2022-10-04T08:02:32.239Z,1265
pester,33,2019-06-23T08:51:35.189Z,388
pgrouting,16,2020-03-01T16:48:37.652Z,871
pgtyped,6,2022-02-09T16:35:50.675Z,710
phalcon,132,2017-03-25T21:22:57.021Z,5538
phantomui,2,2024-01-19T22:02:32.519Z,229
phenomic,9,2016-12-01T13:03:37.714Z,2054
phlask-ecosystem,3,2021-07-21T00:06:32.655Z,879
phoenix-ide,8,2022-12-22T17:09:49.636Z,5254
phonevr,3,2023-03-19T05:45:55.976Z,277
photoeditor,1,2021-05-26T01:18:59.044Z,439
photoviewer,4,2019-08-25T04:09:55.984Z,329
php-flasher,2,2020-12-17T08:56:52.722Z,80
php-soap,12,2022-08-26T12:15:32.457Z,1124
php-standard-library,6,2021-06-14T09:07:34.261Z,97
phpfoundation,1797,2021-10-28T14:27:05.778Z,317
phpstan-drupal,6,2021-02-28T22:21:57.132Z,994
php_codesniffer,58,2023-11-13T01:10:22.105Z,8570
piano,2,2019-08-10T01:44:18.847Z,81
pika-backup,45,2023-01-28T23:56:50.497Z,1883
pintora,1,2022-04-19T04:51:41.078Z,603
pion-ion,26,2019-12-27T14:35:47.856Z,2587
pionir,31,2019-09-27T01:01:36.824Z,53
pitchblackrecovery,37,2020-06-23T04:33:11.561Z,3667
pixapics,2,2022-07-07T01:31:39.835Z,116
pixelfed,182,2018-11-07T21:26:59.430Z,20223
pixi-viewport,7,2021-11-05T16:47:36.684Z,858
pixieditor,13,2021-03-27T12:05:54.933Z,3788
pixijs,143,2019-07-08T08:08:42.710Z,1875
pizzaql,6,2019-04-03T19:25:25.475Z,504
planby,13,2022-03-10T14:50:02.289Z,111
platypus,4,2019-03-26T14:22:32.028Z,590
playform-cloud-collective,3,2024-05-26T15:39:08.250Z,11161
playframework,516,2021-11-08T14:41:50.240Z,11136
playfulprogramming,12,2023-05-23T01:36:53.723Z,4434
plgd-cloud,16,2020-09-09T12:26:23.876Z,1236
plotsjl,7,2023-06-01T13:01:59.171Z,8346
plus-pro-components,2,2023-07-27T05:03:54.921Z,1065
plyr,12,2020-02-13T12:37:35.473Z,1418
plzmasdk,2,2021-05-15T10:56:21.557Z,181
pnpm,126,2018-10-05T22:17:24.801Z,9209
poi,80,2017-08-22T03:38:43.384Z,6434
polished,7,2018-03-07T14:30:42.202Z,857
polka,4,2019-06-12T23:26:47.510Z,206
polybar,22,2020-10-07T12:05:03.557Z,2291
polymc,31,2022-03-26T10:16:33.750Z,4082
ponyc,74,2018-06-11T00:16:06.989Z,5590
poolifier,5,2021-09-06T18:59:21.589Z,2835
portal-2-community-edition,32,2021-04-20T19:15:59.598Z,34
portmaster,67,2024-02-19T14:10:03.712Z,2295
postcss,63,2019-09-09T04:30:16.989Z,3089
posthtml,9,2019-07-08T08:13:48.205Z,3042
pranavpandeydev,1,2021-05-29T08:43:44.156Z,1895
pre-commit,23,2018-11-01T02:16:55.254Z,3083
preact,267,2016-11-26T20:54:51.409Z,16889
premake,20,2019-05-29T22:06:56.863Z,2060
prest,2,2021-09-02T10:43:06.961Z,1895
prettier-ruby,17,2019-09-18T13:44:51.883Z,2705
prettier,370,2019-03-07T07:54:51.579Z,20769
primary-java,1,2019-12-08T09:17:10.407Z,138
prismane,3,2023-07-07T07:30:27.829Z,193
prismarinejs,12,2022-01-03T18:54:35.141Z,432
prismlauncher,117,2022-10-20T08:40:56.209Z,26996
privacyguides,165,2019-05-23T17:44:08.123Z,1176
profitmaker,1,2021-06-06T08:02:25.913Z,906
projectwallace,3,2020-04-17T15:01:28.257Z,659
protoc-gen-ts,6,2021-12-08T10:15:38.519Z,112
prowlarr,105,2020-10-19T06:01:53.686Z,14291
proyecto26,4,2019-05-30T02:04:41.174Z,2124
pseudotv-live,3,2021-08-16T19:52:25.617Z,1178
psl,12,2020-03-05T15:23:31.309Z,6566
pts,2,2023-11-07T14:40:39.361Z,1283
public-transport-oss,3,2021-03-25T21:47:00.450Z,269
publii,127,2018-07-06T11:47:48.738Z,2669
pug-php,6,2018-11-03T17:45:24.517Z,1869
pulsar-edit,106,2022-11-03T19:50:55.078Z,19778
puppeteer-screen-recorder,3,2022-09-11T18:59:12.016Z,93
puzrin,23,2020-11-15T22:28:04.246Z,187
puzzlescript,6,2017-12-20T22:14:02.654Z,1391
pwa-asset-generator,5,2022-08-23T16:54:09.761Z,888
pybamm,9,2023-01-31T21:35:48.515Z,19108
pygad,7,2020-08-11T14:45:16.043Z,1063
pyke-osai,11,2023-09-27T18:35:30.860Z,439
pylabel,5,2021-12-20T20:27:46.025Z,395
pyodide,25,2021-11-02T21:32:54.071Z,3379
pypy,102,2018-10-26T15:17:18.611Z,17435
pyrevitlabs,30,2024-04-17T01:57:17.804Z,5713
pyrogram,14,2020-11-20T02:00:50.644Z,4058
pytest,131,2019-06-27T13:36:12.059Z,12695
python-nox,11,2019-05-17T17:30:27.533Z,514
python-openbmclapi,2,2024-06-22T10:13:33.098Z,985
python-social-auth,4,2024-07-12T13:07:56.699Z,4568
python-socketio,1,2021-05-15T11:17:04.238Z,1318
python-trio,16,2020-08-27T22:09:21.566Z,13064
pythonecuador,3,2021-03-12T17:46:17.225Z,568
pythonseverywhere,4,2019-07-09T18:03:53.540Z,693
pytorch-ignite,5,2021-04-24T22:45:03.573Z,1619
qgis-ee-plugin,2,2024-03-24T23:46:20.591Z,365
qidanta,1,2020-06-10T08:32:01.138Z,873
qldependency,1,2022-02-25T04:24:36.552Z,337
qmk-firmware,48,2022-05-23T15:34:02.249Z,6276
quasar-admin-crm,1,2020-06-05T06:59:17.791Z,101
quasar-admin,2,2022-06-15T09:00:10.207Z,134
qubes-os,891,2016-10-23T00:31:11.845Z,26873
querylist,1,2020-07-17T05:19:15.676Z,142
quickviewer,5,2019-05-24T04:33:03.156Z,776
quiltmc,48,2022-01-15T16:35:52.738Z,8130
quinn-rs,5,2024-03-22T20:46:13.213Z,3577
raccoonscode,1,2022-04-11T00:26:29.232Z,955
radareorg,35,2019-09-14T15:17:17.659Z,7836
radarr,793,2018-03-19T10:03:50.740Z,6865
ragestudio,1,2022-09-01T18:52:18.070Z,3027
ramda-adjunct,7,2017-12-20T16:31:45.619Z,3125
rapidoc,1,2022-02-25T16:04:22.413Z,1477
razzle,6,2020-09-25T16:52:18.274Z,1838
reach-ui,20,2019-10-16T18:21:30.191Z,1141
reach4help,5,2020-05-21T11:04:03.276Z,4908
react-ace,12,2017-05-25T13:25:00.676Z,1480
react-admin,5,2022-01-24T13:40:38.512Z,18713
react-awesome-loaders,2,2021-03-28T04:51:35.391Z,50
react-awesome-query-builder,14,2020-02-10T19:45:37.042Z,795
react-awesome-reveal,2,2024-07-23T07:02:35.888Z,350
react-calendar,6,2018-08-09T08:04:26.958Z,1149
react-colorful,8,2021-04-06T08:19:10.524Z,488
react-cool-dimensions,1,2020-06-01T15:06:44.335Z,1089
react-cool-form,1,2021-07-01T02:56:12.528Z,3324
react-cool-img,1,2020-06-01T15:08:14.773Z,1858
react-cool-inview,1,2020-06-01T15:01:21.253Z,1414
react-cool-onclickoutside,1,2020-06-01T15:05:12.123Z,1511
react-cool-portal,1,2020-06-01T15:03:23.709Z,1498
react-cool-starter,3,2020-06-01T14:44:46.644Z,2261
react-cool-virtual,5,2021-06-12T11:59:15.473Z,1164
react-date-picker,7,2018-08-09T09:11:28.781Z,4599
react-design-editor,5,2019-12-03T00:25:02.746Z,354
react-dropzone,26,2017-01-30T15:00:18.449Z,90
react-easy-edit,1,2021-07-28T08:43:36.838Z,307
react-firebase-starter,9,2016-04-02T00:00:00.000Z,404
react-hook-form,127,2019-08-21T01:24:31.589Z,4132
react-jsonschema-form,8,2022-05-20T15:15:44.879Z,1628
react-lifecycle-methods-diagram,3,2018-12-06T11:55:12.009Z,537
react-liquidswipe,1,2021-01-05T05:08:28.990Z,15
react-md,6,2020-07-22T00:33:32.294Z,5133
react-native-datetimepicker,18,2020-09-29T19:52:45.658Z,440
react-native-debugger,21,2018-01-22T09:20:41.697Z,954
react-native-elements,90,2017-04-07T18:50:15.839Z,2155
react-native-haptic-feedback,5,2022-05-04T08:50:23.820Z,163
react-native-health-connect,2,2023-03-06T16:28:37.024Z,186
react-native-iap,63,2018-08-13T15:39:25.827Z,1761
react-native-image-crop-picker,11,2017-09-25T11:39:27.958Z,482
react-native-image-picker,4,2020-11-12T11:31:28.657Z,671
react-pdf-js,1,2022-09-16T05:13:00.786Z,535
react-pdf-wojtekmaj,22,2018-08-09T08:07:21.543Z,1751
react-pdf,65,2017-06-05T04:53:39.064Z,953
react-play,8,2023-01-10T09:13:35.678Z,1788
react-reactive-form,1,2019-04-13T06:36:58.065Z,62
react-redux-firebase,10,2017-06-23T18:43:02.639Z,1486
react-sortable-tree,1,2020-03-23T07:08:31.433Z,543
react-spring,62,2018-07-09T15:13:36.890Z,3445
react-starter-kit,12,2016-04-02T00:00:00.000Z,79
react-three-fiber,70,2019-09-11T09:33:05.494Z,5508
react-uploady,11,2021-01-12T15:12:45.474Z,889
react-windows-ui,2,2021-06-14T16:18:54.731Z,781
react95,6,2020-06-15T11:50:23.560Z,1981
reactfigma,4,2019-12-13T16:25:43.992Z,1308
reactive-resume,74,2023-11-06T16:42:26.099Z,4610
reactphp,6,2022-07-10T10:35:08.257Z,308
readarr,101,2020-05-09T14:03:36.423Z,4681
realyoungchief,2,2021-12-11T04:21:56.577Z,41
rebelsmanager,11,2019-10-01T13:46:12.676Z,401
recallgraph,2,2020-06-10T03:23:41.810Z,582
receiptmanager,3,2021-05-14T13:58:55.976Z,1219
recharts,26,2019-10-23T16:36:25.554Z,2878
reconmap,4,2021-09-03T20:53:57.569Z,83
redeclipse,17,2019-10-24T14:41:36.958Z,8240
redom,13,2018-02-08T09:03:58.144Z,1210
redux-form,21,2018-07-18T18:30:40.811Z,1959
redux-model,1,2020-07-28T04:01:07.020Z,793
redux-requests,3,2020-05-20T14:30:00.614Z,853
redux-saga,142,2017-01-02T10:42:21.172Z,1885
regolith,175,2020-01-23T17:44:53.931Z,52
reinforcementlearningjl,5,2022-06-25T15:55:21.922Z,1586
rema,5,2022-03-05T16:20:43.899Z,107
renative,5,2019-02-17T14:33:20.049Z,6916
resilience-web,19,2021-09-28T20:54:43.699Z,1059
resium,2,2019-07-04T05:33:02.346Z,1151
resonate,72,2019-05-28T13:07:50.454Z,1272
responsively,98,2020-08-16T10:03:44.642Z,1630
restrequest4delphi,3,2020-09-30T04:16:44.544Z,342
resuminator,2,2021-09-18T04:11:20.169Z,1044
resxresourcemanager,18,2018-10-21T13:50:58.372Z,1689
rete,12,2017-12-22T15:53:18.291Z,1339
retrospring,16,2022-10-11T23:00:23.349Z,5251
revery,66,2017-11-01T17:54:50.568Z,878
reviewdog,13,2018-07-09T23:38:40.668Z,8532
revogrid,4,2022-08-14T14:19:23.428Z,1363
richie-bendall,2,2019-10-16T04:05:35.629Z,33
rillrate,1,2021-08-21T19:09:44.720Z,175
risg,1,2019-05-26T20:58:21.700Z,1454
rita,5,2019-06-12T16:06:11.526Z,496
rn-keyboard-manager,2,2020-03-17T14:10:46.127Z,210
robostack,4,2021-12-16T22:35:54.500Z,4433
robotcode,2,2024-04-22T11:05:52.228Z,2032
robyn_oss,1,2022-04-22T20:48:38.155Z,623
roc-streaming,5,2022-12-23T11:17:56.341Z,2552
rocketmod,19,2018-08-13T12:24:53.267Z,958
rollup-plugin-styles,1,2021-01-26T16:25:13.490Z,463
rollup,130,2018-01-08T14:29:31.489Z,12541
ronin-rb,4,2023-01-15T07:10:32.983Z,1279
rottingresearch,8,2023-04-28T23:03:28.966Z,798
rough,17,2020-06-17T07:44:34.884Z,825
rpa_developer_roadmap,2,2021-10-11T09:51:17.451Z,101
rrweb,18,2023-03-23T13:23:39.243Z,1255
rslint,4,2020-10-13T13:13:16.824Z,422
rspack,7,2023-04-11T09:32:30.876Z,9087
rspamd_project,5,2019-06-22T12:37:09.785Z,104
rspec-tracer,1,2021-10-17T11:44:38.097Z,58
rsschool,518,2019-10-23T09:02:53.257Z,3353
rsstranslator,3,2024-03-01T08:46:12.033Z,601
rsuite,10,2018-04-19T13:13:23.218Z,4260
rubocop,121,2017-01-04T09:35:31.848Z,10080
ruffle,301,2020-09-22T18:43:12.337Z,12761
rust-battery,3,2019-03-14T07:45:22.326Z,85
rust-lang-ru,14,2020-04-25T10:06:26.112Z,1252
rustforweb,2,2024-07-30T16:42:33.314Z,438
rustmagazine,4,2023-05-04T13:55:31.353Z,139
rwf2,15,2022-06-09T23:15:14.434Z,2476
rx-angular,10,2020-11-01T18:53:59.183Z,2595
rxts,5,2019-11-29T08:18:14.629Z,2840
ryan-zayne,1,2024-08-19T12:10:40.158Z,300
s5s,28,2019-04-15T02:29:44.262Z,2
saasfly,4,2024-03-29T10:22:23.018Z,72
safebash,1,2019-01-23T14:30:28.861Z,288
sagernet,45,2021-04-28T12:33:26.788Z,2354
sailboatui,2,2023-01-11T01:57:14.485Z,184
saleor-marketplace,2,2021-12-12T15:01:33.244Z,16110
salvo,6,2022-07-05T23:25:39.913Z,3566
sanic-org,21,2021-01-05T08:11:10.078Z,3208
sapphiredev,17,2021-11-02T22:53:46.995Z,9260
sauron,3,2020-09-10T12:11:40.437Z,2280
scalamonocle,5,2020-05-13T10:25:19.721Z,128
sceneview,19,2021-10-29T11:25:33.173Z,1050
schema-net,2,2019-10-13T08:55:41.716Z,857
schrodinger-hat,78,2021-08-06T10:02:16.850Z,1419
scidsg,13,2022-09-19T16:11:54.821Z,2683
sciencefair,2,2018-01-13T00:24:07.696Z,281
scikit-opt,1,2021-03-16T09:17:51.211Z,339
scribblelab,2,2024-03-23T19:38:21.516Z,384
scuffle,21,2023-02-21T13:43:44.152Z,148
seanpm2001,1,2021-11-14T05:05:45.136Z,70154
secure-headers,2,2020-03-07T14:54:49.343Z,364
selenium-jupiter,7,2019-07-12T08:32:26.578Z,2019
selenium,44,2023-09-12T17:18:10.869Z,7384
semapps,5,2020-03-30T09:29:37.274Z,4533
seotopper,1,2019-06-27T16:47:30.203Z,146
sequel-ace,82,2020-07-16T18:24:46.198Z,4509
sequelize,51,2021-10-07T19:46:10.866Z,631
serenityapp,1,2021-12-23T03:28:34.332Z,991
serialport,25,2019-05-05T01:05:22.768Z,2152
serilog-exceptions,5,2019-10-13T13:19:23.794Z,1038
sern,11,2022-09-17T13:55:53.092Z,569
serverest,39,2020-10-14T19:14:48.065Z,66
serverless-nextjs-plugin,28,2019-05-30T17:23:14.235Z,2376
serveside,2,2020-09-01T16:07:15.143Z,253
servo,161,2024-02-13T23:25:14.352Z,137
sfztools,16,2020-07-14T22:41:19.569Z,3799
sgc,1,2020-03-04T11:40:13.148Z,240
sharppulsar,2,2023-07-17T04:25:32.740Z,2001
shields,207,2017-11-01T22:08:09.669Z,171
shirakumo,6,2020-10-28T15:37:53.672Z,4231
sholladay,1,2020-06-25T07:20:32.124Z,121
shopyo,2,2022-03-14T17:29:36.139Z,135
shuffle,2,2021-01-24T06:15:26.056Z,2094
sidekiq-batch,4,2021-09-08T14:30:32.974Z,157
signdict1,4,2019-06-29T09:36:26.820Z,1320
sim-c,2,2020-12-28T18:23:20.672Z,684
simplcommerce,8,2018-10-17T20:25:01.375Z,893
simple-icons,17,2021-02-22T14:55:42.988Z,4014
simplednscrypt,29,2018-05-23T06:39:47.946Z,782
simplelogin,24,2020-07-30T06:17:44.599Z,2466
simplestatemachine,2,2021-05-25T07:58:37.378Z,206
simpleui,4,2019-05-25T11:12:23.009Z,621
simplex-chat,77,2020-07-16T18:38:53.840Z,6186
simply,4,2021-02-22T20:32:45.958Z,354
simplydjs,1,2022-03-07T14:07:38.604Z,355
sinanaydogan,1,2021-07-30T13:09:58.778Z,1386
sindresorhus,139,2019-03-05T15:51:39.632Z,22820
single-spa,18,2019-05-14T21:43:38.232Z,4025
site-prism,5,2021-02-08T20:19:33.099Z,1104
sixlabors,69,2017-04-02T00:31:56.140Z,16448
sketch-sh,27,2019-06-15T15:50:35.573Z,967
sketchize,1,2019-11-29T21:09:13.870Z,37
skia4delphi,22,2022-02-15T10:45:22.295Z,284
sktime,19,2021-06-15T15:15:23.411Z,4843
skylines,18,2018-05-28T10:46:10.428Z,863
slideshowp2,9,2019-11-13T06:41:53.947Z,56
smart-home,1,2022-08-02T17:57:28.472Z,1474
smartcloudgg,2,2021-08-08T02:39:31.847Z,490
smug,3,2021-04-30T20:17:16.240Z,131
smw,15,2023-11-30T19:31:37.572Z,636
snaphutao,4,2023-10-07T00:09:49.018Z,4001
softmaple,2,2022-02-03T17:58:19.365Z,73
solid,140,2020-10-24T06:06:49.269Z,1748
solidus,78,2018-10-04T20:52:56.587Z,17881
soniccloudorg,13,2022-02-22T15:52:17.052Z,4812
sopel,7,2018-04-28T02:37:14.871Z,121
sorry-cypress,8,2020-10-14T04:15:05.329Z,1071
sous-chefs,42,2018-10-12T11:28:40.083Z,1313
spacebar,42,2021-05-08T18:36:36.198Z,4900
spacedrive,25,2022-04-23T14:13:29.663Z,2974
spaceship-prompt,5,2021-05-06T11:07:13.988Z,1898
sparcle-studio,3,2024-06-14T11:39:39.811Z,1464
spicetify,27,2022-03-04T03:01:21.309Z,3071
spina,21,2017-09-12T13:36:55.712Z,1310
spinalhdl,17,2022-06-10T08:30:19.550Z,6944
splitjs,5,2017-11-28T21:26:25.004Z,960
spotiflyer,237,2021-04-19T18:52:12.693Z,599
spotube,186,2022-01-20T03:13:39.106Z,1660
spring-oxygen,1,2020-11-27T09:59:42.040Z,627
spy-debugger,1,2019-12-19T09:30:55.514Z,219
spyder,645,2017-11-17T19:14:35.651Z,30937
sqlitebiter,2,2020-04-18T04:47:13.715Z,1188
sqlkata,10,2020-07-15T14:24:39.351Z,662
srain,3,2022-04-23T16:39:39.417Z,1668
srs-server,62,2021-12-06T10:35:47.408Z,7793
ssh-action,4,2022-05-28T08:39:38.201Z,287
sshportal,6,2019-07-09T20:47:49.700Z,506
stacer,15,2019-05-25T13:03:59.604Z,664
standard-readme,3,2018-07-25T19:47:53.222Z,186
stardust-xr,8,2023-05-26T01:50:38.614Z,1276
starship,32,2020-02-26T16:12:07.383Z,3420
stashapp,544,2019-11-21T18:25:49.609Z,6681
stateless-minds-collective,2,2022-05-03T11:45:26.060Z,137
static-haskell-nix,22,2019-06-17T14:56:28.112Z,256
static-site-boilerplate,5,2019-01-23T22:09:30.000Z,109
staticjscms,7,2022-10-30T15:01:51.005Z,32
statoscope,9,2020-11-18T18:44:22.328Z,974
statusfy,18,2018-11-21T02:25:26.330Z,765
stay,1,2022-02-10T07:52:32.657Z,485
stc,73,2022-10-28T06:46:52.692Z,728
stdlib,7,2023-01-18T08:46:48.660Z,50589
stonedb,2,2023-04-03T03:01:22.619Z,615
stopmodreposts,10,2021-12-22T20:38:12.710Z,31
storybook,267,2017-05-18T04:58:55.600Z,84523
strapi,113,2017-12-14T16:30:35.172Z,34491
strawberry-graphql,19,2021-03-06T13:05:32.091Z,5562
styled-components,195,2018-01-26T22:53:27.917Z,4954
stylelint,82,2017-07-01T17:16:06.842Z,3066
stylis,4,2022-02-05T09:53:06.481Z,649
stylus,8,2022-06-21T10:53:52.223Z,290
substats,2,2020-03-28T12:50:20.321Z,272
substitute-js,4,2020-04-14T11:18:29.279Z,221
sudo-project,5,2020-12-18T17:46:23.522Z,5170
suitecrm,22,2019-05-31T15:07:55.493Z,2484
suneditor,12,2021-04-06T05:04:06.755Z,2792
sunpy,16,2021-07-09T13:41:49.133Z,6562
sunrise-choir,17,2019-01-31T23:20:51.229Z,961
support-quicksi-cli,1,2022-07-07T22:42:03.720Z,49
surfacedd,1,2020-12-18T01:52:59.422Z,226
surjithctly,1,2020-06-22T15:33:34.463Z,65
sustainoss,198,2017-01-19T18:56:22.248Z,881
svelte,553,2020-09-01T17:46:14.307Z,19482
sveltevietnam,6,2023-10-24T03:10:10.557Z,905
svgbob,4,2020-09-10T12:19:34.544Z,606
svgo,28,2021-02-25T15:49:56.466Z,135
svgr,51,2018-09-16T14:57:37.958Z,642
swarmlet,2,2020-10-20T03:44:16.630Z,765
swarmpit,11,2020-01-23T09:07:18.499Z,1984
swc,122,2019-02-11T01:36:09.763Z,9893
sweidproject,5,2019-11-13T11:09:18.556Z,334
swiftdatatables,1,2022-02-20T18:34:38.321Z,204
swiftwasm,17,2020-12-14T22:15:39.344Z,170
switchblade,17,2019-05-26T21:32:16.503Z,3205
swup,12,2019-05-26T22:53:02.209Z,4439
sygil_dev,4,2022-12-09T00:58:50.126Z,2728
syncsettings,6,2019-01-29T12:57:31.335Z,314
systemjs,16,2018-07-22T09:02:18.475Z,150
tabby,26,2019-05-24T08:46:24.329Z,7291
tablam,2,2022-08-23T17:00:27.273Z,216
tabler,30,2018-06-13T10:33:48.716Z,5857
tabmerger,1,2021-03-05T20:43:41.616Z,420
tag-picker,2,2022-03-18T13:57:11.365Z,208
tailwindcss-classnames,4,2021-05-15T00:23:16.844Z,581
tarkov-dev,84,2022-04-07T03:39:59.224Z,7454
taro-hooks,1,2021-09-24T09:58:08.765Z,577
task,52,2018-03-30T17:00:58.801Z,2067
tastyigniter,18,2019-01-17T00:54:22.395Z,228
tauri,375,2019-08-28T11:25:56.174Z,8565
tbox,6,2020-02-13T09:19:49.601Z,416
teamlinker,2,2023-12-26T09:56:59.715Z,289
tech-interview-handbook,97,2019-01-15T06:44:32.015Z,1463
techphantoms,5,2021-07-05T11:45:13.886Z,766
techqueria,37,2017-03-03T01:20:37.027Z,1145
teledrive,7,2021-11-21T09:24:31.628Z,3384
telega,23,2020-12-31T07:34:24.336Z,1504
telegraf,6,2016-12-29T23:36:10.815Z,1673
tenacity,33,2021-07-13T20:09:06.685Z,10616
tenancy,48,2018-02-14T15:33:49.216Z,2348
tera-arise,11,2022-12-05T16:06:08.373Z,760
termux-pacman,6,2023-01-31T13:38:30.123Z,32776
termux,178,2022-05-17T11:41:27.415Z,614
terraforge3d,3,2021-12-22T11:59:46.422Z,521
terser,47,2019-08-23T10:16:39.126Z,5489
tesseractjs,7,2019-06-02T02:06:51.133Z,800
testing-library,17,2019-04-25T19:19:57.330Z,128
tgmeetup,2,2019-05-24T12:35:51.689Z,186
the-fuse-lab,17,2022-04-19T03:01:19.158Z,3432
the-gita-initiative,6,2021-06-26T11:34:06.112Z,1090
theabbie,2,2020-01-24T16:28:18.543Z,292
thegorgeouslogin,3,2019-07-09T13:29:42.934Z,28
thelounge,48,2018-03-08T04:50:51.827Z,8208
thenewoil,40,2021-10-21T17:17:48.435Z,205
thestrukture,1,2021-12-18T17:22:01.904Z,168
theta-wave,3,2021-03-21T01:17:54.917Z,810
thorium-sim,9,2021-09-25T13:11:24.480Z,2007
thorvg,3,2024-03-03T07:57:47.622Z,2872
thpatch,43,2018-11-07T09:42:35.045Z,180
three-dots,1,2019-08-25T04:07:10.454Z,142
thulite,3,2022-02-05T16:13:06.827Z,628
tidalcycles,95,2021-06-06T21:45:39.979Z,4459
tiktoka-official,2,2022-05-11T20:25:51.530Z,900
timber,16,2022-12-09T21:03:23.049Z,239
time-to-hack,3,2020-07-28T13:58:32.900Z,32
tinyfilemanager,2,2020-01-01T10:54:24.349Z,284
tiptap,5,2021-05-06T21:53:57.936Z,13794
tj-actions,6,2021-03-24T12:48:52.437Z,11510
tj-django,2,2021-03-26T14:05:28.796Z,2486
tnb,4,2023-10-07T09:33:58.640Z,888
tockler,1,2021-07-18T07:18:35.906Z,773
together-java,20,2022-11-25T09:31:52.153Z,910
tom-select,9,2021-03-04T03:05:54.427Z,1631
toolsforthought,8,2022-11-11T16:52:50.336Z,336
tosdr,323,2017-10-03T14:58:32.800Z,1651
tracardi-cdp,23,2022-04-27T09:37:16.115Z,6856
traintastic,1,2021-09-17T17:39:05.818Z,1915
translation-plugin,39,2019-07-31T02:35:08.330Z,3485
trefle,2,2020-10-25T10:08:56.503Z,285
tresjs,4,2023-06-26T07:49:59.349Z,856
trex,5,2020-07-15T15:56:09.910Z,446
truecharts,170,2022-04-03T10:33:43.225Z,74826
ts-graphviz,6,2024-02-10T04:31:30.740Z,996
ts-import-plugin,1,2019-06-01T04:58:52.971Z,1600
tsed,26,2018-03-01T22:31:59.982Z,6682
tsparticles,3,2022-06-15T14:56:34.906Z,13787
tstl,3,2019-12-01T04:49:17.939Z,49
tuistapp,34,2018-10-30T15:44:34.888Z,5908
tum-dev,6,2020-11-25T20:06:00.510Z,3991
tusky,543,2019-01-21T14:18:26.238Z,7583
twcommunities,3,2019-05-24T12:36:48.295Z,96
tweetscraper,3,2020-09-27T06:40:31.455Z,53
twilight,16,2021-09-09T03:11:39.264Z,2552
twind,15,2021-02-20T13:14:16.226Z,735
twohoursonelife,164,2021-12-21T10:35:41.767Z,5581
typedclojure,9,2020-02-15T02:46:15.927Z,3266
typeddjangoorg,14,2022-01-17T12:19:47.546Z,2071
typegoose,7,2021-09-22T10:39:28.920Z,2907
typegraphql,110,2019-03-05T19:06:00.222Z,999
typeorm-fixtures,4,2019-07-12T09:59:06.797Z,376
typeorm,278,2017-09-23T07:24:38.248Z,8537
typescript-eslint,136,2019-06-22T15:41:32.033Z,5209
typia,12,2022-07-10T09:28:51.734Z,1788
ua-parser-js,18,2021-03-09T17:20:59.082Z,4
ugit,1,2022-05-14T15:31:07.763Z,203
ui-avatars,21,2019-04-30T15:09:00.370Z,353
unchained,2,2024-01-25T15:25:35.994Z,1429
unified,82,2018-10-23T19:23:04.808Z,25123
unigraph-dev,8,2021-11-21T03:57:26.527Z,1681
univer,7,2023-12-22T15:17:01.296Z,2864
universal-number-library,1,2020-09-27T15:40:27.256Z,4467
universal-router,6,2016-05-13T00:00:00.000Z,220
universaldatatool,4,2020-09-05T11:57:56.446Z,1080
universalviewer,31,2017-05-05T13:10:21.425Z,2671
unocss,8,2023-04-16T09:19:14.922Z,5927
unts,5,2022-07-02T07:53:08.532Z,1909
update-informer,1,2022-02-14T08:47:22.561Z,118
updatecli,4,2023-12-01T13:26:24.985Z,1994
upterm,1,2020-09-27T06:15:19.197Z,642
uptime-kuma,145,2021-08-28T17:35:07.836Z,5561
urduhack,9,2019-03-01T11:22:50.119Z,127
urql-graphql,5,2022-11-15T08:34:07.631Z,4047
use-between,1,2022-05-25T08:55:22.967Z,108
use-hooks,1,2019-09-11T00:06:29.141Z,77
use-places-autocomplete,3,2020-06-01T14:49:27.118Z,1805
use-web-animations,1,2020-06-28T03:09:48.255Z,1135
userfrosting,18,2018-01-22T05:31:48.067Z,3334
userstyles,7,2022-08-01T21:32:59.827Z,1655
utensorai,1,2020-06-14T09:47:22.165Z,775
uvdesk,3,2019-10-16T18:32:48.316Z,128
vadimdemedes,10,2022-02-03T11:01:48.914Z,513
vale,37,2020-04-23T17:52:07.702Z,4451
vapor,177,2016-05-26T00:00:00.000Z,28447
vega-strike,13,2020-05-05T17:15:52.457Z,203
velocityx,2,2020-03-21T06:01:39.134Z,568
veloren,292,2019-06-27T11:35:13.918Z,13903
veniqa,1,2020-05-27T04:37:20.194Z,698
ventoy,11,2022-04-25T13:03:50.139Z,1056
verdaccio,59,2017-12-09T08:25:41.568Z,8760
verso,3,2024-07-16T07:33:25.958Z,156
vexip-ui,2,2022-11-28T07:37:48.996Z,2196
vezel,12,2022-04-01T00:49:45.926Z,2670
video-to-ascii,4,2019-06-21T15:00:52.111Z,363
vignette,18,2021-05-01T23:38:18.673Z,425
vikunja,18,2021-11-28T13:14:41.830Z,8552
villain,1,2020-01-09T18:01:55.912Z,764
vimium-c,39,2020-07-02T03:24:11.918Z,10350
visjs,73,2017-10-26T12:15:25.853Z,12498
vite-electron-builder,3,2021-03-27T08:26:18.134Z,1430
vite-plugin-rsw,3,2021-06-29T11:37:20.210Z,151
vite,50,2023-01-15T03:18:46.989Z,19757
vitepress-jsdoc,2,2023-10-05T21:59:04.930Z,27
vitest,23,2023-03-24T08:26:22.054Z,6959
vivaxy_personal,2,2024-05-24T05:05:15.106Z,4033
voca,12,2022-02-10T16:03:54.938Z,47
voukoder,6,2019-06-21T15:41:01.730Z,1391
vox-pupuli,12,2023-02-06T20:34:07.629Z,15146
vscode-conventional-commits,7,2021-10-21T04:55:05.717Z,424
vscode-kanban,2,2020-07-20T12:56:52.611Z,85
vsformat,5,2019-12-23T16:34:31.857Z,611
vssue,1,2019-03-19T12:27:29.964Z,472
vue-a11y,6,2020-09-05T18:00:59.858Z,3398
vue-at,1,2019-04-30T10:31:19.834Z,147
vue-drag-resize,3,2021-03-20T08:48:21.903Z,66
vue-facing-decorator,5,2023-05-31T08:58:38.697Z,242
vue-gallery,4,2019-07-12T14:26:04.069Z,186
vue-gl,2,2019-12-19T08:33:44.188Z,2155
vue-goodshare,1,2020-01-31T11:23:20.797Z,502
vue-lazy-hydration,5,2019-05-15T06:49:45.736Z,151
vue-ls,1,2019-07-12T14:27:09.089Z,471
vue-material,13,2020-05-07T15:32:18.644Z,1124
vue-native-core,11,2018-09-12T11:07:04.993Z,159
vue-popper,3,2019-07-12T14:26:38.704Z,274
vue-tables-2,6,2019-10-26T20:35:17.994Z,770
vue-tailwind,3,2020-09-03T21:14:47.950Z,1045
vue2-storage,1,2021-03-20T16:18:16.443Z,13
vue3-sfc-loader,4,2021-05-27T18:25:12.015Z,667
vuejs,856,2017-09-09T18:23:53.988Z,52933
vuepress-theme-hope,5,2021-09-02T10:50:01.645Z,5590
vuepress,11,2019-06-07T16:43:26.109Z,436
vuesax,3,2018-02-28T15:02:19.112Z,1709
vuetify,241,2018-09-18T14:11:17.611Z,30406
vueuse,13,2020-01-03T09:23:10.791Z,6343
vvvebjs,13,2019-03-06T18:22:18.595Z,593
w3develops-968,2,2019-02-17T18:06:41.764Z,674
wangeditor,7,2022-07-12T08:46:14.622Z,2629
wangkanai,3,2019-08-10T13:40:31.720Z,4128
warden,16,2022-11-21T18:35:39.163Z,1365
watergis,2,2023-05-30T04:01:04.691Z,1521
waydroid,47,2021-11-18T00:23:44.781Z,297
weapp-tailwindcss,3,2023-01-05T07:48:06.416Z,1895
web-gallery-of-art,1,2023-10-04T06:53:44.969Z,618
web-scrobbler,277,2020-05-13T05:03:37.863Z,369
webdriverio,66,2021-03-23T08:18:37.295Z,5481
webdrivermanager,21,2019-02-18T11:46:46.690Z,4274
weblate,13,2019-04-27T10:25:34.246Z,12655
webonyx-graphql-php,20,2019-03-28T10:33:27.798Z,2075
webpack-merge,5,2019-09-23T16:05:31.547Z,552
webpack,2679,2016-10-02T23:30:48.944Z,15631
webqit,5,2022-01-11T23:31:55.848Z,2007
webrtc-rs,12,2021-02-03T06:06:29.865Z,1720
webster,3,2019-06-08T05:55:32.601Z,50
wechaty,64,2019-04-20T02:23:38.920Z,7480
weex-ui,3,2018-03-02T03:04:46.357Z,1344
weg-li,122,2020-03-26T12:03:27.838Z,5304
welsonjs,2,2023-11-30T10:12:16.852Z,4501
wemake-python-styleguide,33,2019-07-03T07:19:12.192Z,4191
wexond,5,2019-02-05T17:57:00.643Z,4501
wfh,2,2022-03-02T01:56:27.691Z,19
whatsapp-for-linux,11,2021-05-01T13:17:27.738Z,523
whatsie,19,2021-08-29T18:16:29.356Z,339
whisparr,21,2022-03-27T22:56:41.227Z,5867
whitestormjs,16,2017-02-03T23:33:43.547Z,2230
wikicensorship,3,2021-10-03T05:42:13.831Z,4
wikijs,221,2017-09-27T13:18:05.726Z,2126
winboxjs,3,2023-07-03T08:45:00.059Z,155
windicss,29,2021-03-15T07:54:15.488Z,935
wintercms,22,2021-05-02T16:21:25.938Z,11916
wobbly,10,2018-09-25T15:45:14.794Z,-1
wolvic,17,2022-06-28T17:23:48.881Z,3112
woodpecker-ci,51,2021-09-16T07:40:26.893Z,5433
world-class,3,2020-07-20T20:33:17.489Z,660
worldimprovementlab,6,2019-12-11T05:39:31.497Z,29
wpackio,8,2019-10-28T08:02:55.071Z,1517
wpcore,1,2020-08-29T02:54:43.655Z,83
wponion,1,2020-05-13T02:51:56.944Z,169
wppconnect,46,2024-03-22T12:53:45.818Z,13992
writefreely,18,2021-05-07T12:04:03.004Z,1514
wslutilities,12,2018-10-24T01:49:48.329Z,1606
wukong-robot,4,2019-02-18T08:22:31.707Z,1511
x-cmd,3,2023-06-28T01:03:27.946Z,288
x-spreadsheet,7,2019-04-08T10:07:12.280Z,604
xknx,10,2022-01-02T14:45:41.278Z,3049
xlayers,5,2018-09-04T18:15:38.062Z,609
xmake,18,2017-07-04T01:12:27.476Z,23478
xmonad,35,2021-08-12T15:48:23.626Z,2588
xoid,2,2023-10-10T10:59:56.503Z,650
xploitspy,2,2020-04-18T07:02:37.425Z,87
xplorer,4,2021-12-21T03:35:13.413Z,1180
xplr,6,2021-04-06T03:46:36.489Z,45
xstate,74,2018-09-10T14:14:29.338Z,6619
y-collective,40,2020-12-23T11:45:01.192Z,1768
ya-webadb,9,2022-04-29T03:47:21.552Z,2216
yamada-ui,7,2024-03-01T09:04:02.286Z,11716
yandeu,1,2020-07-26T19:56:13.858Z,805
yarnpkg,38,2020-06-11T07:39:49.184Z,3307
yeoman,58,2015-12-14T20:09:06.339Z,361
yew,62,2020-01-07T01:27:28.583Z,2536
yiier,1,2020-06-08T06:34:25.518Z,63
yiisoft,401,2019-02-14T16:24:15.898Z,25342
yorkie,12,2020-05-10T11:08:55.568Z,703
yourls,85,2017-04-17T17:55:36.350Z,1123
yox,1,2019-10-16T13:33:55.054Z,1230
yuns,2,2021-05-12T14:58:52.163Z,329
z-wave-js,6,2022-05-03T05:45:42.494Z,6925
zarm,1,2019-09-25T02:49:15.299Z,4530
zhilidali,1,2021-09-27T08:12:44.999Z,15
zigtools,20,2022-09-09T17:49:10.203Z,2887
zino,3,2023-06-18T18:27:13.283Z,519
zjuthesis,1,2019-06-22T21:15:29.512Z,654
zmkfirmware,77,2020-12-11T15:38:54.545Z,2788
zookeeper-docker,3,2021-08-01T14:12:42.832Z,88
zoomment,2,2024-03-11T19:22:45.543Z,223
zrythm,28,2020-04-11T21:43:51.676Z,6223
zulip,30,2019-02-11T18:47:11.147Z,65000
zws,6,2019-12-26T04:58:39.037Z,1262
zxing-js,17,2018-11-13T02:00:28.594Z,2118
zxingnet,4,2020-03-04T20:01:23.389Z,740
